Model,Experiment,Prefill (s),Decode (tokens/s),Memory (MB),Energy (tokens/kWh),Open LLM Score (%),Backend,Precision,Quantization,Attention,Kernel,End-to-End (s),Architecture,Params (B)
Qwen/Qwen1.5-110B,4bit-gptq-exllama-v2-eager,2.486,0.398,65311.037,2661.495,75.42*,pytorch,float16,GPTQ.4bit,Eager,GPTQ.ExllamaV2,149.921,Qwen2ForCausalLM,110
Qwen/Qwen1.5-110B,4bit-gptq-exllama-v1-fa2,2.513,0.421,65311.036,2633.025,75.42*,pytorch,float16,GPTQ.4bit,FAv2,GPTQ.ExllamaV1,151.799,Qwen2ForCausalLM,110
Qwen/Qwen1.5-110B,4bit-gptq-exllama-v1-eager,2.515,0.424,65311.037,2662.679,75.42*,pytorch,float16,GPTQ.4bit,Eager,GPTQ.ExllamaV1,151.175,Qwen2ForCausalLM,110
Qwen/Qwen1.5-110B,4bit-gptq-exllama-v2-sdpa,2.499,0.425,65311.036,2666.191,75.42*,pytorch,float16,GPTQ.4bit,SDPA,GPTQ.ExllamaV2,150.5,Qwen2ForCausalLM,110
Qwen/Qwen1.5-110B,4bit-gptq-exllama-v1-sdpa,2.48,0.428,65311.036,2664.976,75.42*,pytorch,float16,GPTQ.4bit,SDPA,GPTQ.ExllamaV1,149.561,Qwen2ForCausalLM,110
Qwen/Qwen1.5-110B,4bit-bnb-fa2,4.467,3.363,65013.93,23268.535,75.42*,pytorch,float16,BnB.4bit,FAv2,No Kernel,23.206,Qwen2ForCausalLM,110
Qwen/Qwen1.5-110B,4bit-bnb-eager,4.446,3.835,65014.062,25487.07,75.42*,pytorch,float16,BnB.4bit,Eager,No Kernel,20.873,Qwen2ForCausalLM,110
Qwen/Qwen1.5-110B,4bit-bnb-sdpa,4.436,3.848,65013.93,26017.077,75.42*,pytorch,float16,BnB.4bit,SDPA,No Kernel,20.818,Qwen2ForCausalLM,110
Qwen/Qwen1.5-72B,4bit-gptq-exllama-v1-fa2,1.659,0.64,45374.151,3969.019,72.91*,pytorch,float16,GPTQ.4bit,FAv2,GPTQ.ExllamaV1,100.136,Qwen2ForCausalLM,72
Qwen/Qwen1.5-72B,4bit-gptq-exllama-v2-fa2,1.64,0.647,45374.151,4022.375,72.91*,pytorch,float16,GPTQ.4bit,FAv2,GPTQ.ExllamaV2,98.929,Qwen2ForCausalLM,72
Qwen/Qwen1.5-72B,4bit-gptq-exllama-v2-sdpa,1.645,0.65,45374.151,4074.884,72.91*,pytorch,float16,GPTQ.4bit,SDPA,GPTQ.ExllamaV2,98.609,Qwen2ForCausalLM,72
Qwen/Qwen1.5-72B,4bit-gptq-exllama-v1-sdpa,1.64,0.651,45374.151,4083.113,72.91*,pytorch,float16,GPTQ.4bit,SDPA,GPTQ.ExllamaV1,98.385,Qwen2ForCausalLM,72
Qwen/Qwen1.5-72B,4bit-gptq-exllama-v1-eager,1.641,0.652,45374.152,4086.555,72.91*,pytorch,float16,GPTQ.4bit,Eager,GPTQ.ExllamaV1,98.294,Qwen2ForCausalLM,72
Qwen/Qwen1.5-72B,4bit-gptq-exllama-v2-eager,1.641,0.652,45374.152,4073.93,72.91*,pytorch,float16,GPTQ.4bit,Eager,GPTQ.ExllamaV2,98.238,Qwen2ForCausalLM,72
Qwen/Qwen1.5-72B,8bit-bnb-eager,0.266,3.788,77840.722,30333.894,72.91*,pytorch,float16,BnB.8bit,Eager,No Kernel,16.875,Qwen2ForCausalLM,72
Qwen/Qwen1.5-72B,8bit-bnb-fa2,0.263,3.795,77841.345,30225.887,72.91*,pytorch,float16,BnB.8bit,FAv2,No Kernel,16.843,Qwen2ForCausalLM,72
Qwen/Qwen1.5-72B,8bit-bnb-sdpa,0.259,3.847,77841.345,31114.81,72.91*,pytorch,float16,BnB.8bit,SDPA,No Kernel,16.578,Qwen2ForCausalLM,72
Qwen/Qwen1.5-72B,4bit-bnb-fa2,2.914,4.759,44278.471,34328.499,72.91*,pytorch,float16,BnB.4bit,FAv2,No Kernel,16.154,Qwen2ForCausalLM,72
Qwen/Qwen1.5-72B,4bit-bnb-eager,2.907,5.625,44278.602,38909.536,72.91*,pytorch,float16,BnB.4bit,Eager,No Kernel,14.101,Qwen2ForCausalLM,72
Qwen/Qwen1.5-72B,4bit-bnb-sdpa,2.884,5.697,44278.471,39707.214,72.91*,pytorch,float16,BnB.4bit,SDPA,No Kernel,13.939,Qwen2ForCausalLM,72
internlm/internlm2-20b,float32-eager,0.673,17.204,81737.513,107334.978,69.75,pytorch,float32,Unquantized,Eager,No Kernel,4.333,Unknown,20
internlm/internlm2-20b,bfloat16-eager,0.085,18.595,40915.737,131877.402,69.75,pytorch,bfloat16,Unquantized,Eager,No Kernel,3.48,Unknown,20
internlm/internlm2-20b,float16-eager,0.083,22.885,40915.713,147138.442,69.75,pytorch,float16,Unquantized,Eager,No Kernel,2.843,Unknown,20
internlm/internlm2-20b,float16-fa2,0.08,25.159,40909.85,141982.091,69.75,pytorch,float16,Unquantized,FAv2,No Kernel,2.554,Unknown,20
internlm/internlm2-20b,bfloat16-fa2,0.08,25.999,40909.85,164064.681,69.75,pytorch,bfloat16,Unquantized,FAv2,No Kernel,2.496,Unknown,20
01-ai/Yi-34B,4bit-gptq-exllama-v1-fa2,0.806,1.337,20339.706,8398.815,69.42*,pytorch,float16,GPTQ.4bit,FAv2,GPTQ.ExllamaV1,47.925,LlamaForCausalLM,34
01-ai/Yi-34B,4bit-gptq-exllama-v1-eager,0.802,1.349,20339.707,8446.395,69.42*,pytorch,float16,GPTQ.4bit,Eager,GPTQ.ExllamaV1,47.518,LlamaForCausalLM,34
01-ai/Yi-34B,4bit-gptq-exllama-v2-fa2,0.797,1.353,20339.706,8502.111,69.42*,pytorch,float16,GPTQ.4bit,FAv2,GPTQ.ExllamaV2,47.378,LlamaForCausalLM,34
01-ai/Yi-34B,4bit-gptq-exllama-v1-sdpa,0.793,1.358,20339.706,8507.675,69.42*,pytorch,float16,GPTQ.4bit,SDPA,GPTQ.ExllamaV1,47.181,LlamaForCausalLM,34
01-ai/Yi-34B,4bit-gptq-exllama-v2-sdpa,0.791,1.359,20339.706,8497.601,69.42*,pytorch,float16,GPTQ.4bit,SDPA,GPTQ.ExllamaV2,47.141,LlamaForCausalLM,34
01-ai/Yi-34B,4bit-gptq-exllama-v2-eager,0.795,1.361,20339.707,8496.697,69.42*,pytorch,float16,GPTQ.4bit,Eager,GPTQ.ExllamaV2,47.088,LlamaForCausalLM,34
01-ai/Yi-34B,8bit-bnb-fa2,0.222,4.63,35777.361,40260.489,69.42*,pytorch,float16,BnB.8bit,FAv2,No Kernel,13.934,LlamaForCausalLM,34
01-ai/Yi-34B,8bit-bnb-sdpa,0.207,4.797,35784.527,39300.981,69.42*,pytorch,float16,BnB.8bit,SDPA,No Kernel,13.35,LlamaForCausalLM,34
01-ai/Yi-34B,8bit-bnb-eager,0.208,4.803,35784.558,39386.631,69.42*,pytorch,float16,BnB.8bit,Eager,No Kernel,13.307,LlamaForCausalLM,34
01-ai/Yi-34B,4bit-bnb-eager,1.265,8.253,20257.332,60268.352,69.42*,pytorch,float16,BnB.4bit,Eager,No Kernel,8.88,LlamaForCausalLM,34
01-ai/Yi-34B,4bit-bnb-fa2,1.263,8.336,20257.201,61121.736,69.42*,pytorch,float16,BnB.4bit,FAv2,No Kernel,8.823,LlamaForCausalLM,34
01-ai/Yi-34B,4bit-bnb-sdpa,1.259,8.549,20257.201,61089.017,69.42*,pytorch,float16,BnB.4bit,SDPA,No Kernel,8.539,LlamaForCausalLM,34
01-ai/Yi-34B,bfloat16-eager,0.139,15.957,69113.77,98579.367,69.42,pytorch,bfloat16,Unquantized,Eager,No Kernel,4.082,LlamaForCausalLM,34
01-ai/Yi-34B,float16-eager,0.139,16.108,69113.741,100686.062,69.42,pytorch,float16,Unquantized,Eager,No Kernel,4.031,LlamaForCausalLM,34
01-ai/Yi-34B,float16-sdpa,0.135,17.306,69113.726,108446.829,69.42,pytorch,float16,Unquantized,SDPA,No Kernel,3.771,LlamaForCausalLM,34
01-ai/Yi-34B,bfloat16-sdpa,0.131,17.41,69113.726,109196.143,69.42,pytorch,bfloat16,Unquantized,SDPA,No Kernel,3.737,LlamaForCausalLM,34
01-ai/Yi-34B,bfloat16-fa2,0.129,17.872,69106.595,110149.156,69.42,pytorch,bfloat16,Unquantized,FAv2,No Kernel,3.642,LlamaForCausalLM,34
01-ai/Yi-34B,float16-fa2,0.131,17.94,69106.595,111925.191,69.42,pytorch,float16,Unquantized,FAv2,No Kernel,3.637,LlamaForCausalLM,34
Qwen/Qwen1.5-14B,4bit-gptq-exllama-v2-fa2,0.322,3.307,11417.443,20680.95,66.70*,pytorch,float16,GPTQ.4bit,FAv2,GPTQ.ExllamaV2,19.376,Qwen2ForCausalLM,14
Qwen/Qwen1.5-14B,4bit-gptq-exllama-v1-fa2,0.319,3.343,11417.443,20946.25,66.70*,pytorch,float16,GPTQ.4bit,FAv2,GPTQ.ExllamaV1,19.169,Qwen2ForCausalLM,14
Qwen/Qwen1.5-14B,4bit-gptq-exllama-v2-eager,0.318,3.411,11417.444,21276.966,66.70*,pytorch,float16,GPTQ.4bit,Eager,GPTQ.ExllamaV2,18.787,Qwen2ForCausalLM,14
Qwen/Qwen1.5-14B,4bit-gptq-exllama-v1-eager,0.317,3.412,11417.444,21318.34,66.70*,pytorch,float16,GPTQ.4bit,Eager,GPTQ.ExllamaV1,18.781,Qwen2ForCausalLM,14
Qwen/Qwen1.5-14B,4bit-gptq-exllama-v2-sdpa,0.315,3.413,11417.443,21325.519,66.70*,pytorch,float16,GPTQ.4bit,SDPA,GPTQ.ExllamaV2,18.772,Qwen2ForCausalLM,14
Qwen/Qwen1.5-14B,4bit-gptq-exllama-v1-sdpa,0.316,3.415,11417.443,21284.671,66.70*,pytorch,float16,GPTQ.4bit,SDPA,GPTQ.ExllamaV1,18.757,Qwen2ForCausalLM,14
Qwen/Qwen2-beta-14B,8bit-bnb-eager,0.134,7.571,17162.983,63129.015,66.70*,pytorch,float16,BnB.8bit,Eager,No Kernel,8.407,Unknown,14
Qwen/Qwen2-beta-14B,8bit-bnb-fa2,0.132,7.616,17162.139,63784.45,66.70*,pytorch,float16,BnB.8bit,FAv2,No Kernel,8.392,Unknown,14
Qwen/Qwen1.5-14B,8bit-bnb-eager,0.133,7.632,17162.983,63327.692,66.70*,pytorch,float16,BnB.8bit,Eager,No Kernel,8.375,Qwen2ForCausalLM,14
Qwen/Qwen1.5-14B,8bit-bnb-fa2,0.131,7.672,17162.139,62918.239,66.70*,pytorch,float16,BnB.8bit,FAv2,No Kernel,8.334,Qwen2ForCausalLM,14
Qwen/Qwen2-beta-14B,8bit-bnb-sdpa,0.128,7.839,17162.139,63963.619,66.70*,pytorch,float16,BnB.8bit,SDPA,No Kernel,8.167,Unknown,14
Qwen/Qwen1.5-14B,8bit-bnb-sdpa,0.127,7.885,17162.139,65452.264,66.70*,pytorch,float16,BnB.8bit,SDPA,No Kernel,8.115,Qwen2ForCausalLM,14
Qwen/Qwen2-beta-14B,4bit-bnb-fa2,0.511,12.979,11094.619,102068.536,66.70*,pytorch,float16,BnB.4bit,FAv2,No Kernel,5.359,Unknown,14
Qwen/Qwen1.5-14B,4bit-bnb-eager,0.502,12.995,11093.767,101028.853,66.70*,pytorch,float16,BnB.4bit,Eager,No Kernel,5.355,Qwen2ForCausalLM,14
Qwen/Qwen1.5-14B,4bit-bnb-fa2,0.511,13.067,11094.619,100869.91,66.70*,pytorch,float16,BnB.4bit,FAv2,No Kernel,5.319,Qwen2ForCausalLM,14
Qwen/Qwen2-beta-14B,4bit-bnb-eager,0.504,13.091,11093.767,101519.305,66.70*,pytorch,float16,BnB.4bit,Eager,No Kernel,5.303,Unknown,14
Qwen/Qwen1.5-14B,4bit-bnb-sdpa,0.501,13.606,11094.619,106419.525,66.70*,pytorch,float16,BnB.4bit,SDPA,No Kernel,5.134,Qwen2ForCausalLM,14
Qwen/Qwen2-beta-14B,4bit-bnb-sdpa,0.5,13.785,11094.619,105456.899,66.70*,pytorch,float16,BnB.4bit,SDPA,No Kernel,5.064,Unknown,14
Qwen/Qwen2-beta-14B,float32-sdpa,0.472,23.705,59131.042,148566.494,66.7,pytorch,float32,Unquantized,SDPA,No Kernel,3.128,Unknown,14
Qwen/Qwen2-beta-14B,float32-eager,0.473,24.118,59131.042,150604.059,66.7,pytorch,float32,Unquantized,Eager,No Kernel,3.083,Unknown,14
Qwen/Qwen2-beta-14B,float16-fa2,0.057,25.962,29628.641,167208.938,66.7,pytorch,float16,Unquantized,FAv2,No Kernel,2.477,Unknown,14
Qwen/Qwen2-beta-14B,bfloat16-fa2,0.056,26.024,29628.641,171028.502,66.7,pytorch,bfloat16,Unquantized,FAv2,No Kernel,2.474,Unknown,14
Qwen/Qwen2-beta-14B,bfloat16-eager,0.053,29.407,29627.777,186517.422,66.7,pytorch,bfloat16,Unquantized,Eager,No Kernel,2.193,Unknown,14
Qwen/Qwen2-beta-14B,float16-eager,0.054,29.785,29628.641,187842.717,66.7,pytorch,float16,Unquantized,Eager,No Kernel,2.161,Unknown,14
Qwen/Qwen2-beta-14B,bfloat16-sdpa,0.05,32.262,29628.641,199491.508,66.7,pytorch,bfloat16,Unquantized,SDPA,No Kernel,1.996,Unknown,14
Qwen/Qwen2-beta-14B,float16-sdpa,0.052,32.425,29628.641,202153.056,66.7,pytorch,float16,Unquantized,SDPA,No Kernel,1.988,Unknown,14
Qwen/Qwen1.5-7B,4bit-gptq-exllama-v2-fa2,0.178,6.104,7110.584,38185.725,61.76*,pytorch,float16,GPTQ.4bit,FAv2,GPTQ.ExllamaV2,10.495,Qwen2ForCausalLM,7
Qwen/Qwen1.5-7B,4bit-gptq-exllama-v1-fa2,0.176,6.156,7110.584,38429.543,61.76*,pytorch,float16,GPTQ.4bit,FAv2,GPTQ.ExllamaV1,10.402,Qwen2ForCausalLM,7
Qwen/Qwen1.5-7B,4bit-gptq-exllama-v2-sdpa,0.169,6.488,7110.584,40418.403,61.76*,pytorch,float16,GPTQ.4bit,SDPA,GPTQ.ExllamaV2,9.882,Qwen2ForCausalLM,7
Qwen/Qwen1.5-7B,4bit-gptq-exllama-v2-eager,0.169,6.515,7110.585,40703.915,61.76*,pytorch,float16,GPTQ.4bit,Eager,GPTQ.ExllamaV2,9.84,Qwen2ForCausalLM,7
Qwen/Qwen1.5-7B,4bit-gptq-exllama-v1-eager,0.17,6.523,7110.585,40746.829,61.76*,pytorch,float16,GPTQ.4bit,Eager,GPTQ.ExllamaV1,9.829,Qwen2ForCausalLM,7
Qwen/Qwen1.5-7B,4bit-gptq-exllama-v1-sdpa,0.168,6.53,7110.584,40810.499,61.76*,pytorch,float16,GPTQ.4bit,SDPA,GPTQ.ExllamaV1,9.817,Qwen2ForCausalLM,7
Qwen/Qwen1.5-7B,8bit-bnb-fa2,0.106,9.529,10046.34,81397.173,61.76*,pytorch,float16,BnB.8bit,FAv2,No Kernel,6.703,Qwen2ForCausalLM,7
Qwen/Qwen1.5-7B,8bit-bnb-eager,0.105,9.667,10046.34,81417.862,61.76*,pytorch,float16,BnB.8bit,Eager,No Kernel,6.618,Qwen2ForCausalLM,7
Qwen/Qwen1.5-7B,8bit-bnb-sdpa,0.102,9.782,10046.34,83354.464,61.76*,pytorch,float16,BnB.8bit,SDPA,No Kernel,6.528,Qwen2ForCausalLM,7
Qwen/Qwen1.5-7B,4bit-bnb-fa2,0.291,16.001,6859.561,129775.678,61.76*,pytorch,float16,BnB.4bit,FAv2,No Kernel,4.223,Qwen2ForCausalLM,7
Qwen/Qwen1.5-7B,4bit-bnb-eager,0.283,16.29,6859.693,133802.283,61.76*,pytorch,float16,BnB.4bit,Eager,No Kernel,4.153,Qwen2ForCausalLM,7
Qwen/Qwen1.5-7B,4bit-bnb-sdpa,0.281,17.241,6859.561,140087.9,61.76*,pytorch,float16,BnB.4bit,SDPA,No Kernel,3.923,Qwen2ForCausalLM,7
Qwen/Qwen1.5-7B,bfloat16-eager,0.033,36.685,16416.242,256436.742,61.76,pytorch,bfloat16,Unquantized,Eager,No Kernel,1.749,Qwen2ForCausalLM,7
Qwen/Qwen1.5-7B,float16-eager,0.035,37.386,16416.242,254931.518,61.76,pytorch,float16,Unquantized,Eager,No Kernel,1.717,Qwen2ForCausalLM,7
Qwen/Qwen1.5-7B,float32-sdpa,0.269,39.712,32662.329,248273.588,61.76,pytorch,float32,Unquantized,SDPA,No Kernel,1.856,Qwen2ForCausalLM,7
Qwen/Qwen1.5-7B,bfloat16-sdpa,0.031,40.266,16416.242,273241.258,61.76,pytorch,bfloat16,Unquantized,SDPA,No Kernel,1.582,Qwen2ForCausalLM,7
Qwen/Qwen1.5-7B,float16-sdpa,0.033,40.4,16416.242,271307.112,61.76,pytorch,float16,Unquantized,SDPA,No Kernel,1.59,Qwen2ForCausalLM,7
Deci/DeciLM-7B,4bit-gptq-exllama-v1-fa2,0.177,6.242,4542.986,39234.618,61.55*,pytorch,float16,GPTQ.4bit,FAv2,GPTQ.ExllamaV1,10.212,DeciLMForCausalLM,7
Deci/DeciLM-7B,4bit-gptq-exllama-v1-eager,0.176,6.28,4542.986,39403.846,61.55*,pytorch,float16,GPTQ.4bit,Eager,GPTQ.ExllamaV1,10.168,DeciLMForCausalLM,7
Deci/DeciLM-7B,4bit-gptq-exllama-v2-eager,0.176,6.301,4542.986,39448.689,61.55*,pytorch,float16,GPTQ.4bit,Eager,GPTQ.ExllamaV2,10.16,DeciLMForCausalLM,7
Deci/DeciLM-7B,4bit-gptq-exllama-v2-fa2,0.177,6.323,4542.986,39550.391,61.55*,pytorch,float16,GPTQ.4bit,FAv2,GPTQ.ExllamaV2,10.141,DeciLMForCausalLM,7
Deci/DeciLM-7B,8bit-bnb-eager,0.112,9.145,7514.465,77902.18,61.55*,pytorch,float16,BnB.8bit,Eager,No Kernel,6.994,DeciLMForCausalLM,7
Deci/DeciLM-7B,8bit-bnb-fa2,0.111,9.272,7514.465,79804.194,61.55*,pytorch,float16,BnB.8bit,FAv2,No Kernel,6.905,DeciLMForCausalLM,7
Deci/DeciLM-7B,4bit-bnb-eager,0.285,16.165,4557.528,128174.485,61.55*,pytorch,float16,BnB.4bit,Eager,No Kernel,4.181,DeciLMForCausalLM,7
Deci/DeciLM-7B,4bit-bnb-fa2,0.283,16.223,4557.528,129606.147,61.55*,pytorch,float16,BnB.4bit,FAv2,No Kernel,4.156,DeciLMForCausalLM,7
Deci/DeciLM-7B,float16-fa2,0.035,35.979,14290.687,246453.59,61.55,pytorch,float16,Unquantized,FAv2,No Kernel,1.781,DeciLMForCausalLM,7
Deci/DeciLM-7B,bfloat16-fa2,0.036,36.273,14290.687,254203.902,61.55,pytorch,bfloat16,Unquantized,FAv2,No Kernel,1.772,DeciLMForCausalLM,7
Deci/DeciLM-7B,bfloat16-eager,0.036,36.278,14290.687,252890.35,61.55,pytorch,bfloat16,Unquantized,Eager,No Kernel,1.769,DeciLMForCausalLM,7
Deci/DeciLM-7B,float16-eager,0.035,36.347,14290.687,254214.391,61.55,pytorch,float16,Unquantized,Eager,No Kernel,1.765,DeciLMForCausalLM,7
Deci/DeciLM-7B,float32-eager,0.26,39.901,28529.571,248383.54,61.55,pytorch,float32,Unquantized,Eager,No Kernel,1.838,DeciLMForCausalLM,7
TencentARC/Mistral_Pro_8B_v0.1,8bit-bnb-eager,0.133,7.477,10056.919,63386.861,61.06*,pytorch,float16,BnB.8bit,Eager,No Kernel,8.529,MistralForCausalLM,8
TencentARC/Mistral_Pro_8B_v0.1,8bit-bnb-fa2,0.133,7.52,10056.901,63638.018,61.06*,pytorch,float16,BnB.8bit,FAv2,No Kernel,8.504,MistralForCausalLM,8
TencentARC/Mistral_Pro_8B_v0.1,8bit-bnb-sdpa,0.129,7.583,10056.901,63655.197,61.06*,pytorch,float16,BnB.8bit,SDPA,No Kernel,8.447,MistralForCausalLM,8
TencentARC/Mistral_Pro_8B_v0.1,4bit-bnb-fa2,0.378,12.921,6130.076,105176.391,61.06*,pytorch,float16,BnB.4bit,FAv2,No Kernel,5.245,MistralForCausalLM,8
TencentARC/Mistral_Pro_8B_v0.1,4bit-bnb-eager,0.368,13.049,6130.207,105807.92,61.06*,pytorch,float16,BnB.4bit,Eager,No Kernel,5.189,MistralForCausalLM,8
TencentARC/Mistral_Pro_8B_v0.1,4bit-bnb-sdpa,0.364,13.705,6130.076,108685.174,61.06*,pytorch,float16,BnB.4bit,SDPA,No Kernel,4.942,MistralForCausalLM,8
TencentARC/Mistral_Pro_8B_v0.1,bfloat16-fa2,0.064,18.898,18774.938,192652.736,61.06,pytorch,bfloat16,Unquantized,FAv2,No Kernel,3.182,MistralForCausalLM,8
TencentARC/Mistral_Pro_8B_v0.1,float16-fa2,0.052,27.636,18774.938,160155.483,61.06,pytorch,float16,Unquantized,FAv2,No Kernel,2.33,MistralForCausalLM,8
TencentARC/Mistral_Pro_8B_v0.1,float16-eager,0.045,28.055,18774.948,199077.816,61.06,pytorch,float16,Unquantized,Eager,No Kernel,2.282,MistralForCausalLM,8
TencentARC/Mistral_Pro_8B_v0.1,bfloat16-eager,0.047,28.49,18774.964,151470.549,61.06,pytorch,bfloat16,Unquantized,Eager,No Kernel,2.25,MistralForCausalLM,8
TencentARC/Mistral_Pro_8B_v0.1,bfloat16-sdpa,0.044,28.582,18774.938,214674.752,61.06,pytorch,bfloat16,Unquantized,SDPA,No Kernel,2.086,MistralForCausalLM,8
TencentARC/Mistral_Pro_8B_v0.1,float16-sdpa,0.042,30.637,18774.938,214042.402,61.06,pytorch,float16,Unquantized,SDPA,No Kernel,2.078,MistralForCausalLM,8
TencentARC/Mistral_Pro_8B_v0.1,float32-eager,0.335,31.508,37534.53,197831.613,61.06,pytorch,float32,Unquantized,Eager,No Kernel,2.333,MistralForCausalLM,8
TencentARC/Mistral_Pro_8B_v0.1,float32-sdpa,0.33,31.77,37534.494,198934.234,61.06,pytorch,float32,Unquantized,SDPA,No Kernel,2.31,MistralForCausalLM,8
internlm/internlm-20b,float32-eager,0.705,12.56,82203.53,78971.296,59.55,pytorch,float32,Unquantized,Eager,No Kernel,5.712,InternLMForCausalLM,20
internlm/internlm-20b,float16-eager,0.081,13.025,41420.788,99846.325,59.55,pytorch,float16,Unquantized,Eager,No Kernel,4.957,InternLMForCausalLM,20
internlm/internlm-20b,bfloat16-fa2,0.075,15.024,41420.787,103362.431,59.55,pytorch,bfloat16,Unquantized,FAv2,No Kernel,4.286,InternLMForCausalLM,20
internlm/internlm-20b,bfloat16-eager,0.081,15.33,41442.261,99111.479,59.55,pytorch,bfloat16,Unquantized,Eager,No Kernel,4.184,InternLMForCausalLM,20
internlm/internlm-20b,float16-fa2,0.078,16.104,41420.787,103591.136,59.55,pytorch,float16,Unquantized,FAv2,No Kernel,3.98,InternLMForCausalLM,20
Qwen/Qwen1.5-4B,8bit-bnb-eager,0.139,7.319,5789.886,64939.622,57.05*,pytorch,float16,BnB.8bit,Eager,No Kernel,8.747,Qwen2ForCausalLM,3
Qwen/Qwen1.5-4B,8bit-bnb-fa2,0.13,7.674,5789.886,67641.747,57.05*,pytorch,float16,BnB.8bit,FAv2,No Kernel,8.333,Qwen2ForCausalLM,3
Qwen/Qwen1.5-4B,8bit-bnb-sdpa,0.128,7.793,5789.886,68389.147,57.05*,pytorch,float16,BnB.8bit,SDPA,No Kernel,8.209,Qwen2ForCausalLM,3
Qwen/Qwen1.5-4B,4bit-gptq-exllama-v2-fa2,0.112,9.871,4389.693,62441.263,57.05*,pytorch,float16,GPTQ.4bit,FAv2,GPTQ.ExllamaV2,6.483,Qwen2ForCausalLM,3
Qwen/Qwen1.5-4B,4bit-gptq-exllama-v1-fa2,0.111,9.899,4389.693,63499.758,57.05*,pytorch,float16,GPTQ.4bit,FAv2,GPTQ.ExllamaV1,6.467,Qwen2ForCausalLM,3
Qwen/Qwen1.5-4B,4bit-gptq-exllama-v2-eager,0.099,11.597,4389.694,72553.687,57.05*,pytorch,float16,GPTQ.4bit,Eager,GPTQ.ExllamaV2,5.528,Qwen2ForCausalLM,3
Qwen/Qwen1.5-4B,4bit-gptq-exllama-v1-eager,0.098,11.664,4389.694,73434.956,57.05*,pytorch,float16,GPTQ.4bit,Eager,GPTQ.ExllamaV1,5.492,Qwen2ForCausalLM,3
Qwen/Qwen1.5-4B,4bit-gptq-exllama-v2-sdpa,0.097,11.755,4389.693,73710.179,57.05*,pytorch,float16,GPTQ.4bit,SDPA,GPTQ.ExllamaV2,5.451,Qwen2ForCausalLM,3
Qwen/Qwen1.5-4B,4bit-gptq-exllama-v1-sdpa,0.097,11.758,4389.693,73660.092,57.05*,pytorch,float16,GPTQ.4bit,SDPA,GPTQ.ExllamaV1,5.45,Qwen2ForCausalLM,3
Qwen/Qwen1.5-4B,4bit-bnb-fa2,0.157,12.779,4291.035,108045.366,57.05*,pytorch,float16,BnB.4bit,FAv2,No Kernel,5.097,Qwen2ForCausalLM,3
Qwen/Qwen1.5-4B,4bit-bnb-eager,0.142,13.076,4291.293,114089.801,57.05*,pytorch,float16,BnB.4bit,Eager,No Kernel,4.95,Qwen2ForCausalLM,3
Qwen/Qwen1.5-4B,4bit-bnb-sdpa,0.141,13.151,4291.035,114564.921,57.05*,pytorch,float16,BnB.4bit,SDPA,No Kernel,4.913,Qwen2ForCausalLM,3
Qwen/Qwen1.5-MoE-A2.7B,8bit-bnb-eager,0.741,1.399,15921.993,12842.708,56.03*,pytorch,float16,BnB.8bit,Eager,No Kernel,44.485,Unknown,14
Qwen/Qwen1.5-MoE-A2.7B,8bit-bnb-fa2,0.683,1.471,15921.207,12733.116,56.03*,pytorch,float16,BnB.8bit,FAv2,No Kernel,43.541,Unknown,14
Qwen/Qwen1.5-MoE-A2.7B,8bit-bnb-sdpa,0.668,1.493,15921.207,13064.707,56.03*,pytorch,float16,BnB.8bit,SDPA,No Kernel,42.798,Unknown,14
Qwen/Qwen1.5-MoE-A2.7B,4bit-bnb-eager,0.665,1.625,8963.124,14351.577,56.03*,pytorch,float16,BnB.4bit,Eager,No Kernel,39.454,Unknown,14
Qwen/Qwen1.5-MoE-A2.7B,4bit-bnb-fa2,0.634,1.728,8963.124,14927.261,56.03*,pytorch,float16,BnB.4bit,FAv2,No Kernel,37.038,Unknown,14
Qwen/Qwen1.5-MoE-A2.7B,4bit-bnb-sdpa,0.618,1.732,8963.124,15221.615,56.03*,pytorch,float16,BnB.4bit,SDPA,No Kernel,36.985,Unknown,14
Qwen/Qwen1.5-MoE-A2.7B,float16-fa2,0.319,3.939,29029.726,33652.697,56.03,pytorch,float16,Unquantized,FAv2,No Kernel,16.154,Unknown,14
Qwen/Qwen1.5-MoE-A2.7B,bfloat16-fa2,0.318,3.953,29029.726,33955.497,56.03,pytorch,bfloat16,Unquantized,FAv2,No Kernel,16.261,Unknown,14
Qwen/Qwen1.5-MoE-A2.7B,float16-sdpa,0.319,3.969,29029.726,33500.653,56.03,pytorch,float16,Unquantized,SDPA,No Kernel,16.187,Unknown,14
Qwen/Qwen1.5-MoE-A2.7B,bfloat16-sdpa,0.317,3.987,29029.726,34518.439,56.03,pytorch,bfloat16,Unquantized,SDPA,No Kernel,16.058,Unknown,14
01-ai/Yi-6B,4bit-gptq-exllama-v1-eager,0.148,7.48,4383.673,46668.673,54.08*,pytorch,float16,GPTQ.4bit,Eager,GPTQ.ExllamaV1,8.571,LlamaForCausalLM,6
01-ai/Yi-6B,4bit-gptq-exllama-v2-eager,0.148,7.5,4383.673,47031.732,54.08*,pytorch,float16,GPTQ.4bit,Eager,GPTQ.ExllamaV2,8.549,LlamaForCausalLM,6
01-ai/Yi-6B,4bit-gptq-exllama-v2-sdpa,0.147,7.54,4383.672,47165.737,54.08*,pytorch,float16,GPTQ.4bit,SDPA,GPTQ.ExllamaV2,8.502,LlamaForCausalLM,6
01-ai/Yi-6B,4bit-gptq-exllama-v1-sdpa,0.145,7.56,4383.672,47302.247,54.08*,pytorch,float16,GPTQ.4bit,SDPA,GPTQ.ExllamaV1,8.479,LlamaForCausalLM,6
01-ai/Yi-6B,4bit-gptq-exllama-v1-fa2,0.146,7.565,4383.672,47209.478,54.08*,pytorch,float16,GPTQ.4bit,FAv2,GPTQ.ExllamaV1,8.474,LlamaForCausalLM,6
01-ai/Yi-6B,4bit-gptq-exllama-v2-fa2,0.145,7.576,4383.672,47258.355,54.08*,pytorch,float16,GPTQ.4bit,FAv2,GPTQ.ExllamaV2,8.46,LlamaForCausalLM,6
01-ai/Yi-6B,8bit-bnb-fa2,0.122,8.294,6883.612,71936.758,54.08*,pytorch,float16,BnB.8bit,FAv2,No Kernel,7.695,LlamaForCausalLM,6
01-ai/Yi-6B,8bit-bnb-sdpa,0.121,8.476,6883.612,72438.094,54.08*,pytorch,float16,BnB.8bit,SDPA,No Kernel,7.517,LlamaForCausalLM,6
01-ai/Yi-6B,8bit-bnb-eager,0.117,8.531,6883.612,74501.828,54.08*,pytorch,float16,BnB.8bit,Eager,No Kernel,7.498,LlamaForCausalLM,6
01-ai/Yi-6B,4bit-bnb-eager,0.239,14.205,4344.191,117514.54,54.08*,pytorch,float16,BnB.4bit,Eager,No Kernel,4.593,LlamaForCausalLM,6
01-ai/Yi-6B,4bit-bnb-fa2,0.237,14.478,4344.06,116945.05,54.08*,pytorch,float16,BnB.4bit,FAv2,No Kernel,4.521,LlamaForCausalLM,6
01-ai/Yi-6B,4bit-bnb-sdpa,0.237,14.777,4344.06,119850.176,54.08*,pytorch,float16,BnB.4bit,SDPA,No Kernel,4.468,LlamaForCausalLM,6
01-ai/Yi-6B,float16-eager,0.037,29.199,12315.695,225420.285,54.08,pytorch,float16,Unquantized,Eager,No Kernel,2.196,LlamaForCausalLM,6
01-ai/Yi-6B,bfloat16-eager,0.035,30.201,12315.695,222509.193,54.08,pytorch,bfloat16,Unquantized,Eager,No Kernel,2.113,LlamaForCausalLM,6
01-ai/Yi-6B,float16-sdpa,0.032,32.575,12315.695,238157.461,54.08,pytorch,float16,Unquantized,SDPA,No Kernel,1.964,LlamaForCausalLM,6
01-ai/Yi-6B,float32-eager,0.216,33.033,24528.503,218482.721,54.08,pytorch,float32,Unquantized,Eager,No Kernel,2.115,LlamaForCausalLM,6
01-ai/Yi-6B,bfloat16-sdpa,0.031,33.055,12315.695,241680.777,54.08,pytorch,bfloat16,Unquantized,SDPA,No Kernel,1.923,LlamaForCausalLM,6
01-ai/Yi-6B,float16-fa2,0.03,33.598,12315.695,242398.98,54.08,pytorch,float16,Unquantized,FAv2,No Kernel,1.91,LlamaForCausalLM,6
01-ai/Yi-6B,bfloat16-fa2,0.03,34.172,12315.695,253843.644,54.08,pytorch,bfloat16,Unquantized,FAv2,No Kernel,1.867,LlamaForCausalLM,6
01-ai/Yi-6B,float32-sdpa,0.213,35.817,24528.467,231139.557,54.08,pytorch,float32,Unquantized,SDPA,No Kernel,1.968,LlamaForCausalLM,6
01-ai/Yi-6B,4bit-gptq-exllama-v1-eager,0.148,7.48,4383.673,46668.673,54.02*,pytorch,float16,GPTQ.4bit,Eager,GPTQ.ExllamaV1,8.571,LlamaForCausalLM,6
01-ai/Yi-6B,4bit-gptq-exllama-v2-eager,0.148,7.5,4383.673,47031.732,54.02*,pytorch,float16,GPTQ.4bit,Eager,GPTQ.ExllamaV2,8.549,LlamaForCausalLM,6
01-ai/Yi-6B,4bit-gptq-exllama-v2-sdpa,0.147,7.54,4383.672,47165.737,54.02*,pytorch,float16,GPTQ.4bit,SDPA,GPTQ.ExllamaV2,8.502,LlamaForCausalLM,6
01-ai/Yi-6B,4bit-gptq-exllama-v1-sdpa,0.145,7.56,4383.672,47302.247,54.02*,pytorch,float16,GPTQ.4bit,SDPA,GPTQ.ExllamaV1,8.479,LlamaForCausalLM,6
01-ai/Yi-6B,4bit-gptq-exllama-v1-fa2,0.146,7.565,4383.672,47209.478,54.02*,pytorch,float16,GPTQ.4bit,FAv2,GPTQ.ExllamaV1,8.474,LlamaForCausalLM,6
01-ai/Yi-6B,4bit-gptq-exllama-v2-fa2,0.145,7.576,4383.672,47258.355,54.02*,pytorch,float16,GPTQ.4bit,FAv2,GPTQ.ExllamaV2,8.46,LlamaForCausalLM,6
01-ai/Yi-6B,8bit-bnb-fa2,0.122,8.294,6883.612,71936.758,54.02*,pytorch,float16,BnB.8bit,FAv2,No Kernel,7.695,LlamaForCausalLM,6
01-ai/Yi-6B,8bit-bnb-sdpa,0.121,8.476,6883.612,72438.094,54.02*,pytorch,float16,BnB.8bit,SDPA,No Kernel,7.517,LlamaForCausalLM,6
01-ai/Yi-6B,8bit-bnb-eager,0.117,8.531,6883.612,74501.828,54.02*,pytorch,float16,BnB.8bit,Eager,No Kernel,7.498,LlamaForCausalLM,6
01-ai/Yi-6B,4bit-bnb-eager,0.239,14.205,4344.191,117514.54,54.02*,pytorch,float16,BnB.4bit,Eager,No Kernel,4.593,LlamaForCausalLM,6
01-ai/Yi-6B,4bit-bnb-fa2,0.237,14.478,4344.06,116945.05,54.02*,pytorch,float16,BnB.4bit,FAv2,No Kernel,4.521,LlamaForCausalLM,6
01-ai/Yi-6B,4bit-bnb-sdpa,0.237,14.777,4344.06,119850.176,54.02*,pytorch,float16,BnB.4bit,SDPA,No Kernel,4.468,LlamaForCausalLM,6
01-ai/Yi-6B,float16-eager,0.037,29.199,12315.695,225420.285,54.02,pytorch,float16,Unquantized,Eager,No Kernel,2.196,LlamaForCausalLM,6
01-ai/Yi-6B,bfloat16-eager,0.035,30.201,12315.695,222509.193,54.02,pytorch,bfloat16,Unquantized,Eager,No Kernel,2.113,LlamaForCausalLM,6
01-ai/Yi-6B,float16-sdpa,0.032,32.575,12315.695,238157.461,54.02,pytorch,float16,Unquantized,SDPA,No Kernel,1.964,LlamaForCausalLM,6
01-ai/Yi-6B,float32-eager,0.216,33.033,24528.503,218482.721,54.02,pytorch,float32,Unquantized,Eager,No Kernel,2.115,LlamaForCausalLM,6
01-ai/Yi-6B,bfloat16-sdpa,0.031,33.055,12315.695,241680.777,54.02,pytorch,bfloat16,Unquantized,SDPA,No Kernel,1.923,LlamaForCausalLM,6
01-ai/Yi-6B,float16-fa2,0.03,33.598,12315.695,242398.98,54.02,pytorch,float16,Unquantized,FAv2,No Kernel,1.91,LlamaForCausalLM,6
01-ai/Yi-6B,bfloat16-fa2,0.03,34.172,12315.695,253843.644,54.02,pytorch,bfloat16,Unquantized,FAv2,No Kernel,1.867,LlamaForCausalLM,6
01-ai/Yi-6B,float32-sdpa,0.213,35.817,24528.467,231139.557,54.02,pytorch,float32,Unquantized,SDPA,No Kernel,1.968,LlamaForCausalLM,6
microsoft/phi-1_5,float32-eager,0.059,49.575,5949.832,345539.322,47.69,pytorch,float32,Unquantized,Eager,No Kernel,1.332,PhiForCausalLM,1
microsoft/phi-1_5,bfloat16-eager,0.02,52.267,3023.634,378590.349,47.69,pytorch,bfloat16,Unquantized,Eager,No Kernel,1.224,PhiForCausalLM,1
microsoft/phi-1_5,float16-eager,0.02,52.677,3023.634,402076.824,47.69,pytorch,float16,Unquantized,Eager,No Kernel,1.213,PhiForCausalLM,1
microsoft/phi-1_5,float16-fa2,0.018,55.95,3022.613,438770.278,47.69,pytorch,float16,Unquantized,FAv2,No Kernel,1.142,PhiForCausalLM,1
microsoft/phi-1_5,bfloat16-fa2,0.018,57.77,3022.613,450439.226,47.69,pytorch,bfloat16,Unquantized,FAv2,No Kernel,1.103,PhiForCausalLM,1
microsoft/phi-1_5,float16-sdpa,0.018,58.596,3022.613,470189.603,47.69,pytorch,float16,Unquantized,SDPA,No Kernel,1.092,PhiForCausalLM,1
microsoft/phi-1_5,bfloat16-sdpa,0.017,59.988,3022.613,455983.243,47.69,pytorch,bfloat16,Unquantized,SDPA,No Kernel,1.062,PhiForCausalLM,1
microsoft/phi-1_5,float32-sdpa,0.056,62.342,5949.832,450982.812,47.69,pytorch,float32,Unquantized,SDPA,No Kernel,1.059,PhiForCausalLM,1
Qwen/Qwen1.5-1.8B,8bit-bnb-eager,0.081,12.476,3158.448,111433.433,46.55*,pytorch,float16,BnB.8bit,Eager,No Kernel,5.13,Qwen2ForCausalLM,1
Qwen/Qwen1.5-1.8B,8bit-bnb-fa2,0.08,12.631,3158.448,113806.724,46.55*,pytorch,float16,BnB.8bit,FAv2,No Kernel,5.073,Qwen2ForCausalLM,1
Qwen/Qwen1.5-1.8B,8bit-bnb-sdpa,0.078,12.941,3158.448,114968.89,46.55*,pytorch,float16,BnB.8bit,SDPA,No Kernel,4.943,Qwen2ForCausalLM,1
Qwen/Qwen1.5-1.8B,4bit-gptq-exllama-v1-eager,0.05,20.584,2628.77,143671.29,46.55*,pytorch,float16,GPTQ.4bit,Eager,GPTQ.ExllamaV1,3.103,Qwen2ForCausalLM,1
Qwen/Qwen1.5-1.8B,4bit-gptq-exllama-v1-fa2,0.051,20.594,2628.769,144025.889,46.55*,pytorch,float16,GPTQ.4bit,FAv2,GPTQ.ExllamaV1,3.104,Qwen2ForCausalLM,1
Qwen/Qwen1.5-1.8B,4bit-gptq-exllama-v2-fa2,0.051,20.76,2628.769,145713.086,46.55*,pytorch,float16,GPTQ.4bit,FAv2,GPTQ.ExllamaV2,3.074,Qwen2ForCausalLM,1
Qwen/Qwen1.5-1.8B,4bit-gptq-exllama-v2-eager,0.049,20.776,2628.77,146534.596,46.55*,pytorch,float16,GPTQ.4bit,Eager,GPTQ.ExllamaV2,3.074,Qwen2ForCausalLM,1
Qwen/Qwen1.5-1.8B,4bit-bnb-eager,0.064,21.322,2585.787,184823.08,46.55*,pytorch,float16,BnB.4bit,Eager,No Kernel,3.01,Qwen2ForCausalLM,1
Qwen/Qwen1.5-1.8B,4bit-gptq-exllama-v2-sdpa,0.049,21.353,2628.769,145872.178,46.55*,pytorch,float16,GPTQ.4bit,SDPA,GPTQ.ExllamaV2,2.992,Qwen2ForCausalLM,1
Qwen/Qwen1.5-1.8B,4bit-bnb-fa2,0.073,21.391,2585.787,187922.909,46.55*,pytorch,float16,BnB.4bit,FAv2,No Kernel,3.008,Qwen2ForCausalLM,1
Qwen/Qwen1.5-1.8B,4bit-gptq-exllama-v1-sdpa,0.048,21.416,2628.769,147962.283,46.55*,pytorch,float16,GPTQ.4bit,SDPA,GPTQ.ExllamaV1,2.984,Qwen2ForCausalLM,1
Qwen/Qwen1.5-1.8B,4bit-bnb-sdpa,0.062,22.452,2585.787,196584.268,46.55*,pytorch,float16,BnB.4bit,SDPA,No Kernel,2.862,Qwen2ForCausalLM,1
Qwen/Qwen1.5-1.8B,bfloat16-fa2,0.022,47.657,4408.408,376911.509,46.55,pytorch,bfloat16,Unquantized,FAv2,No Kernel,1.335,Qwen2ForCausalLM,1
Qwen/Qwen1.5-1.8B,float16-fa2,0.021,48.812,4408.408,383317.645,46.55,pytorch,float16,Unquantized,FAv2,No Kernel,1.31,Qwen2ForCausalLM,1
Qwen/Qwen1.5-1.8B,bfloat16-eager,0.022,48.834,4408.408,384089.46,46.55,pytorch,bfloat16,Unquantized,Eager,No Kernel,1.312,Qwen2ForCausalLM,1
Qwen/Qwen1.5-1.8B,float16-eager,0.022,49.096,4408.408,380746.463,46.55,pytorch,float16,Unquantized,Eager,No Kernel,1.299,Qwen2ForCausalLM,1
Qwen/Qwen1.5-1.8B,float32-eager,0.06,52.458,8597.293,402115.515,46.55,pytorch,float32,Unquantized,Eager,No Kernel,1.254,Qwen2ForCausalLM,1
Qwen/Qwen1.5-1.8B,float16-sdpa,0.02,52.789,4408.408,414137.925,46.55,pytorch,float16,Unquantized,SDPA,No Kernel,1.209,Qwen2ForCausalLM,1
Qwen/Qwen1.5-1.8B,bfloat16-sdpa,0.019,53.864,4408.408,426916.746,46.55,pytorch,bfloat16,Unquantized,SDPA,No Kernel,1.188,Qwen2ForCausalLM,1
Qwen/Qwen1.5-1.8B,float32-sdpa,0.058,57.76,8597.293,432794.785,46.55,pytorch,float32,Unquantized,SDPA,No Kernel,1.147,Qwen2ForCausalLM,1
facebook/opt-66b,4bit-bnb-eager,2.647,5.837,37434.811,40640.181,42.78*,pytorch,float16,BnB.4bit,Eager,No Kernel,13.443,OPTForCausalLM,66
facebook/opt-66b,8bit-bnb-eager,0.173,5.937,68003.561,43032.007,42.78*,pytorch,float16,BnB.8bit,Eager,No Kernel,10.795,OPTForCausalLM,66
facebook/opt-66b,4bit-bnb-fa2,2.647,6.33,37434.68,43499.097,42.78*,pytorch,float16,BnB.4bit,FAv2,No Kernel,12.585,OPTForCausalLM,66
Salesforce/codegen-16B-nl,8bit-bnb-eager,0.086,11.686,17381.431,94229.855,42.59*,pytorch,float16,BnB.8bit,Eager,No Kernel,5.467,CodeGenForCausalLM,16
Salesforce/codegen-16B-nl,float32-eager,0.576,20.452,65363.832,128257.079,42.59,pytorch,float32,Unquantized,Eager,No Kernel,3.649,CodeGenForCausalLM,16
Salesforce/codegen-16B-nl,bfloat16-eager,0.064,27.48,32792.184,175303.81,42.59,pytorch,bfloat16,Unquantized,Eager,No Kernel,2.36,CodeGenForCausalLM,16
Salesforce/codegen-16B-nl,float16-eager,0.063,28.047,32792.184,178300.329,42.59,pytorch,float16,Unquantized,Eager,No Kernel,2.306,CodeGenForCausalLM,16
facebook/opt-30b,8bit-bnb-eager,0.127,7.971,31446.286,64435.961,41.99*,pytorch,float16,BnB.8bit,Eager,No Kernel,8.002,OPTForCausalLM,30
facebook/opt-30b,8bit-bnb-fa2,0.117,8.492,31450.479,67604.764,41.99*,pytorch,float16,BnB.8bit,FAv2,No Kernel,7.521,OPTForCausalLM,30
facebook/opt-30b,4bit-bnb-eager,1.321,10.938,17680.925,78225.591,41.99*,pytorch,float16,BnB.4bit,Eager,No Kernel,7.075,OPTForCausalLM,30
facebook/opt-30b,4bit-bnb-fa2,1.307,12.891,17680.794,90273.361,41.99*,pytorch,float16,BnB.4bit,FAv2,No Kernel,6.191,OPTForCausalLM,30
facebook/opt-30b,float16-eager,0.12,20.586,60836.515,128680.81,41.99,pytorch,float16,Unquantized,Eager,No Kernel,3.179,OPTForCausalLM,30
facebook/opt-30b,bfloat16-eager,0.11,20.935,60836.515,130625.548,41.99,pytorch,bfloat16,Unquantized,Eager,No Kernel,3.116,OPTForCausalLM,30
facebook/opt-30b,float16-fa2,0.114,22.529,60837.496,140361.802,41.99,pytorch,float16,Unquantized,FAv2,No Kernel,2.909,OPTForCausalLM,30
facebook/opt-30b,bfloat16-fa2,0.103,22.715,60837.496,141619.806,41.99,pytorch,bfloat16,Unquantized,FAv2,No Kernel,2.876,OPTForCausalLM,30
EleutherAI/gpt-neox-20b,4bit-gptq-exllama-v2-eager,0.479,2.25,13715.589,14044.206,41.69*,pytorch,float16,GPTQ.4bit,Eager,GPTQ.ExllamaV2,28.483,GPTNeoXForCausalLM,20
EleutherAI/gpt-neox-20b,4bit-gptq-exllama-v1-eager,0.478,2.253,13715.589,14084.383,41.69*,pytorch,float16,GPTQ.4bit,Eager,GPTQ.ExllamaV1,28.438,GPTNeoXForCausalLM,20
EleutherAI/gpt-neox-20b,4bit-gptq-exllama-v1-fa2,0.469,2.284,13715.588,14277.95,41.69*,pytorch,float16,GPTQ.4bit,FAv2,GPTQ.ExllamaV1,28.05,GPTNeoXForCausalLM,20
EleutherAI/gpt-neox-20b,4bit-gptq-exllama-v2-fa2,0.468,2.285,13715.588,14296.128,41.69*,pytorch,float16,GPTQ.4bit,FAv2,GPTQ.ExllamaV2,28.048,GPTNeoXForCausalLM,20
EleutherAI/gpt-neox-20b,8bit-bnb-eager,0.122,8.298,22536.283,69928.382,41.69*,pytorch,float16,BnB.8bit,Eager,No Kernel,7.672,GPTNeoXForCausalLM,20
EleutherAI/gpt-neox-20b,8bit-bnb-fa2,0.101,9.496,22540.222,78557.68,41.69*,pytorch,float16,BnB.8bit,FAv2,No Kernel,6.733,GPTNeoXForCausalLM,20
EleutherAI/gpt-neox-20b,4bit-bnb-eager,0.82,12.42,13411.544,94346.195,41.69*,pytorch,float16,BnB.4bit,Eager,No Kernel,5.881,GPTNeoXForCausalLM,20
EleutherAI/gpt-neox-20b,4bit-bnb-fa2,0.805,14.07,13411.544,103611.797,41.69*,pytorch,float16,BnB.4bit,FAv2,No Kernel,5.292,GPTNeoXForCausalLM,20
EleutherAI/gpt-neox-20b,float32-eager,0.755,15.975,84145.78,100223.669,41.69,pytorch,float32,Unquantized,Eager,No Kernel,4.692,GPTNeoXForCausalLM,20
EleutherAI/gpt-neox-20b,float16-eager,0.086,24.356,42460.724,153164.052,41.69,pytorch,float16,Unquantized,Eager,No Kernel,2.667,GPTNeoXForCausalLM,20
EleutherAI/gpt-neox-20b,bfloat16-eager,0.085,24.449,42460.724,153893.023,41.69,pytorch,bfloat16,Unquantized,Eager,No Kernel,2.658,GPTNeoXForCausalLM,20
EleutherAI/gpt-neox-20b,float16-fa2,0.079,27.409,42461.861,171626.76,41.69,pytorch,float16,Unquantized,FAv2,No Kernel,2.374,GPTNeoXForCausalLM,20
EleutherAI/gpt-neox-20b,bfloat16-fa2,0.076,27.643,42461.861,173550.304,41.69,pytorch,bfloat16,Unquantized,FAv2,No Kernel,2.352,GPTNeoXForCausalLM,20
EleutherAI/gpt-j-6b,4bit-gptq-exllama-v2-fa2,0.154,6.939,4531.242,43376.583,40.10*,pytorch,float16,GPTQ.4bit,FAv2,GPTQ.ExllamaV2,9.23,GPTJForCausalLM,6
EleutherAI/gpt-j-6b,4bit-gptq-exllama-v1-fa2,0.155,6.946,4531.684,43391.488,40.10*,pytorch,float16,GPTQ.4bit,FAv2,GPTQ.ExllamaV1,9.224,GPTJForCausalLM,6
EleutherAI/gpt-j-6b,4bit-gptq-exllama-v1-eager,0.149,7.305,4531.243,45621.944,40.10*,pytorch,float16,GPTQ.4bit,Eager,GPTQ.ExllamaV1,8.768,GPTJForCausalLM,6
EleutherAI/gpt-j-6b,4bit-gptq-exllama-v2-eager,0.149,7.32,4531.243,45648.538,40.10*,pytorch,float16,GPTQ.4bit,Eager,GPTQ.ExllamaV2,8.75,GPTJForCausalLM,6
EleutherAI/gpt-j-6b,8bit-bnb-fa2,0.099,9.947,6915.153,85196.754,40.10*,pytorch,float16,BnB.8bit,FAv2,No Kernel,6.422,GPTJForCausalLM,6
EleutherAI/gpt-j-6b,8bit-bnb-eager,0.099,10.218,6910.556,97333.755,40.10*,pytorch,float16,BnB.8bit,Eager,No Kernel,6.33,GPTJForCausalLM,6
EleutherAI/gpt-j-6b,4bit-bnb-fa2,0.247,15.046,4430.536,122819.256,40.10*,pytorch,float16,BnB.4bit,FAv2,No Kernel,4.42,GPTJForCausalLM,6
EleutherAI/gpt-j-6b,4bit-bnb-eager,0.243,15.756,4430.536,132340.74,40.10*,pytorch,float16,BnB.4bit,Eager,No Kernel,4.18,GPTJForCausalLM,6
EleutherAI/gpt-j-6b,bfloat16-fa2,0.039,26.187,12548.118,198075.458,40.1,pytorch,bfloat16,Unquantized,FAv2,No Kernel,2.455,GPTJForCausalLM,6
EleutherAI/gpt-j-6b,float16-fa2,0.038,26.834,12548.118,198370.271,40.1,pytorch,float16,Unquantized,FAv2,No Kernel,2.377,GPTJForCausalLM,6
EleutherAI/gpt-j-6b,float16-eager,0.033,31.36,12543.514,244059.2,40.1,pytorch,float16,Unquantized,Eager,No Kernel,2.041,GPTJForCausalLM,6
EleutherAI/gpt-j-6b,bfloat16-eager,0.033,33.289,12543.514,253350.114,40.1,pytorch,bfloat16,Unquantized,Eager,No Kernel,1.925,GPTJForCausalLM,6
EleutherAI/gpt-j-6b,float32-eager,0.218,34.538,24932.502,221958.982,40.1,pytorch,float32,Unquantized,Eager,No Kernel,2.042,GPTJForCausalLM,6
facebook/opt-13b,8bit-bnb-eager,0.107,8.819,13822.812,71610.738,40.06*,pytorch,float16,BnB.8bit,Eager,No Kernel,6.823,OPTForCausalLM,13
facebook/opt-13b,8bit-bnb-fa2,0.099,10.049,13833.288,82083.427,40.06*,pytorch,float16,BnB.8bit,FAv2,No Kernel,6.355,OPTForCausalLM,13
facebook/opt-13b,4bit-bnb-eager,0.507,15.494,7922.799,124413.509,40.06*,pytorch,float16,BnB.4bit,Eager,No Kernel,4.493,OPTForCausalLM,13
facebook/opt-13b,4bit-bnb-fa2,0.498,16.996,7922.668,132053.433,40.06*,pytorch,float16,BnB.4bit,FAv2,No Kernel,4.197,OPTForCausalLM,13
facebook/opt-13b,float32-eager,0.449,25.116,52468.032,157631.732,40.06,pytorch,float32,Unquantized,Eager,No Kernel,2.953,OPTForCausalLM,13
facebook/opt-13b,float16-eager,0.048,38.242,26239.663,238581.578,40.06,pytorch,float16,Unquantized,Eager,No Kernel,1.691,OPTForCausalLM,13
facebook/opt-13b,bfloat16-eager,0.047,39.2,26239.663,244893.072,40.06,pytorch,bfloat16,Unquantized,Eager,No Kernel,1.647,OPTForCausalLM,13
facebook/opt-13b,float16-fa2,0.043,46.507,26238.909,288914.942,40.06,pytorch,float16,Unquantized,FAv2,No Kernel,1.395,OPTForCausalLM,13
facebook/opt-13b,bfloat16-fa2,0.042,46.743,26238.909,290583.447,40.06,pytorch,bfloat16,Unquantized,FAv2,No Kernel,1.389,OPTForCausalLM,13
Salesforce/codegen-6B-nl,4bit-bnb-eager,0.288,17.621,5007.212,140262.324,40.00*,pytorch,float16,BnB.4bit,Eager,No Kernel,3.862,CodeGenForCausalLM,6
Salesforce/codegen-6B-nl,float16-eager,0.038,28.681,14645.241,209899.419,40,pytorch,float16,Unquantized,Eager,No Kernel,2.244,CodeGenForCausalLM,6
Salesforce/codegen-6B-nl,bfloat16-eager,0.037,29.055,14645.241,214394.519,40,pytorch,bfloat16,Unquantized,Eager,No Kernel,2.203,CodeGenForCausalLM,6
Salesforce/codegen-6B-nl,float32-eager,0.259,30.885,29113.257,196412.307,40,pytorch,float32,Unquantized,Eager,No Kernel,2.298,CodeGenForCausalLM,6
facebook/opt-6.7b,8bit-bnb-eager,0.086,10.948,7223.648,100489.959,39.08*,pytorch,float16,BnB.8bit,Eager,No Kernel,5.439,OPTForCausalLM,6
facebook/opt-6.7b,8bit-bnb-fa2,0.082,11.169,7223.73,104262.084,39.08*,pytorch,float16,BnB.8bit,FAv2,No Kernel,5.084,OPTForCausalLM,6
facebook/opt-6.7b,4bit-bnb-eager,0.288,19.8,4334.81,159028.281,39.08*,pytorch,float16,BnB.4bit,Eager,No Kernel,3.487,OPTForCausalLM,6
facebook/opt-6.7b,4bit-bnb-fa2,0.279,21.382,4334.679,168441.405,39.08*,pytorch,float16,BnB.4bit,FAv2,No Kernel,3.215,OPTForCausalLM,6
facebook/opt-6.7b,float32-eager,0.257,42.745,27312.573,267623.607,39.08,pytorch,float32,Unquantized,Eager,No Kernel,1.73,OPTForCausalLM,6
facebook/opt-6.7b,float16-eager,0.03,57.528,13661.26,367011.15,39.08,pytorch,float16,Unquantized,Eager,No Kernel,1.124,OPTForCausalLM,6
facebook/opt-6.7b,bfloat16-eager,0.029,58.993,13661.26,379198.767,39.08,pytorch,bfloat16,Unquantized,Eager,No Kernel,1.095,OPTForCausalLM,6
facebook/opt-6.7b,float16-fa2,0.026,72.47,13661.255,463073.715,39.08,pytorch,float16,Unquantized,FAv2,No Kernel,0.903,OPTForCausalLM,6
facebook/opt-6.7b,bfloat16-fa2,0.025,74.635,13661.255,470586.38,39.08,pytorch,bfloat16,Unquantized,FAv2,No Kernel,0.866,OPTForCausalLM,6
EleutherAI/pythia-12b,4bit-gptq-exllama-v2-eager,0.277,3.887,8459.203,24331.385,38.82*,pytorch,float16,GPTQ.4bit,Eager,GPTQ.ExllamaV2,16.485,GPTNeoXForCausalLM,12
EleutherAI/pythia-12b,4bit-gptq-exllama-v1-eager,0.276,3.9,8459.203,24371.271,38.82*,pytorch,float16,GPTQ.4bit,Eager,GPTQ.ExllamaV1,16.43,GPTNeoXForCausalLM,12
EleutherAI/pythia-12b,4bit-gptq-exllama-v1-fa2,0.269,3.98,8459.212,24888.757,38.82*,pytorch,float16,GPTQ.4bit,FAv2,GPTQ.ExllamaV1,16.099,GPTNeoXForCausalLM,12
EleutherAI/pythia-12b,4bit-gptq-exllama-v2-fa2,0.268,3.987,8459.212,24897.149,38.82*,pytorch,float16,GPTQ.4bit,FAv2,GPTQ.ExllamaV2,16.073,GPTNeoXForCausalLM,12
EleutherAI/pythia-12b,8bit-bnb-eager,0.098,10.762,13413.403,89600.155,38.82*,pytorch,float16,BnB.8bit,Eager,No Kernel,5.945,GPTNeoXForCausalLM,12
EleutherAI/pythia-12b,8bit-bnb-fa2,0.09,11.187,13415.798,97378.632,38.82*,pytorch,float16,BnB.8bit,FAv2,No Kernel,5.702,GPTNeoXForCausalLM,12
EleutherAI/pythia-12b,4bit-bnb-eager,0.46,16.443,8235.73,130730.615,38.82*,pytorch,float16,BnB.4bit,Eager,No Kernel,4.264,GPTNeoXForCausalLM,12
EleutherAI/pythia-12b,4bit-bnb-fa2,0.443,16.87,8236.778,133771.859,38.82*,pytorch,float16,BnB.4bit,FAv2,No Kernel,4.18,GPTNeoXForCausalLM,12
EleutherAI/pythia-12b,float32-eager,0.414,24.858,48751.627,157882.54,38.82,pytorch,float32,Unquantized,Eager,No Kernel,2.947,GPTNeoXForCausalLM,12
EleutherAI/pythia-12b,float16-eager,0.05,34.549,24655.994,196233.439,38.82,pytorch,float16,Unquantized,Eager,No Kernel,1.863,GPTNeoXForCausalLM,12
EleutherAI/pythia-12b,bfloat16-eager,0.051,34.83,24655.994,198155.967,38.82,pytorch,bfloat16,Unquantized,Eager,No Kernel,1.855,GPTNeoXForCausalLM,12
Qwen/Qwen1.5-0.5B,8bit-bnb-eager,0.08,12.605,1096.74,114219.704,38.62*,pytorch,float16,BnB.8bit,Eager,No Kernel,5.081,Qwen2ForCausalLM,0
Qwen/Qwen1.5-0.5B,8bit-bnb-fa2,0.079,12.617,1096.74,114250.058,38.62*,pytorch,float16,BnB.8bit,FAv2,No Kernel,5.072,Qwen2ForCausalLM,0
Qwen/Qwen1.5-0.5B,8bit-bnb-sdpa,0.078,12.909,1096.74,115418.922,38.62*,pytorch,float16,BnB.8bit,SDPA,No Kernel,4.96,Qwen2ForCausalLM,0
Qwen/Qwen1.5-0.5B,4bit-bnb-eager,0.061,20.232,943.535,183674.306,38.62*,pytorch,float16,BnB.4bit,Eager,No Kernel,3.137,Qwen2ForCausalLM,0
Qwen/Qwen1.5-0.5B,4bit-gptq-exllama-v2-fa2,0.05,20.483,943.923,176558.827,38.62*,pytorch,float16,GPTQ.4bit,FAv2,GPTQ.ExllamaV2,3.111,Qwen2ForCausalLM,0
Qwen/Qwen1.5-0.5B,4bit-bnb-fa2,0.057,20.996,943.535,196043.867,38.62*,pytorch,float16,BnB.4bit,FAv2,No Kernel,2.992,Qwen2ForCausalLM,0
Qwen/Qwen1.5-0.5B,4bit-gptq-exllama-v1-sdpa,0.048,21.121,943.923,181895.806,38.62*,pytorch,float16,GPTQ.4bit,SDPA,GPTQ.ExllamaV1,3.037,Qwen2ForCausalLM,0
Qwen/Qwen1.5-0.5B,4bit-gptq-exllama-v1-fa2,0.048,21.164,943.923,177193.053,38.62*,pytorch,float16,GPTQ.4bit,FAv2,GPTQ.ExllamaV1,3.016,Qwen2ForCausalLM,0
Qwen/Qwen1.5-0.5B,4bit-gptq-exllama-v1-eager,0.048,21.184,943.923,177138.897,38.62*,pytorch,float16,GPTQ.4bit,Eager,GPTQ.ExllamaV1,3.017,Qwen2ForCausalLM,0
Qwen/Qwen1.5-0.5B,4bit-gptq-exllama-v2-eager,0.048,21.241,943.923,176911.57,38.62*,pytorch,float16,GPTQ.4bit,Eager,GPTQ.ExllamaV2,3.006,Qwen2ForCausalLM,0
Qwen/Qwen1.5-0.5B,4bit-gptq-exllama-v2-sdpa,0.046,21.693,943.923,183335.303,38.62*,pytorch,float16,GPTQ.4bit,SDPA,GPTQ.ExllamaV2,2.93,Qwen2ForCausalLM,0
Qwen/Qwen1.5-0.5B,4bit-bnb-sdpa,0.056,22.236,943.535,200195.425,38.62*,pytorch,float16,BnB.4bit,SDPA,No Kernel,2.892,Qwen2ForCausalLM,0
Qwen/Qwen1.5-0.5B,bfloat16-eager,0.021,46.827,1426.272,409237.923,38.62,pytorch,bfloat16,Unquantized,Eager,No Kernel,1.313,Qwen2ForCausalLM,0
Qwen/Qwen1.5-0.5B,bfloat16-fa2,0.021,48.387,1426.272,410697.889,38.62,pytorch,bfloat16,Unquantized,FAv2,No Kernel,1.325,Qwen2ForCausalLM,0
Qwen/Qwen1.5-0.5B,float16-fa2,0.021,48.979,1426.272,408205.709,38.62,pytorch,float16,Unquantized,FAv2,No Kernel,1.297,Qwen2ForCausalLM,0
Qwen/Qwen1.5-0.5B,float16-eager,0.021,49.469,1426.272,416151.969,38.62,pytorch,float16,Unquantized,Eager,No Kernel,1.276,Qwen2ForCausalLM,0
Qwen/Qwen1.5-0.5B,float32-eager,0.026,51.953,2600.839,445261.413,38.62,pytorch,float32,Unquantized,Eager,No Kernel,1.251,Qwen2ForCausalLM,0
Qwen/Qwen1.5-0.5B,float16-sdpa,0.019,53.969,1426.272,444305.757,38.62,pytorch,float16,Unquantized,SDPA,No Kernel,1.181,Qwen2ForCausalLM,0
Qwen/Qwen1.5-0.5B,bfloat16-sdpa,0.018,54.749,1426.272,452141.343,38.62,pytorch,bfloat16,Unquantized,SDPA,No Kernel,1.167,Qwen2ForCausalLM,0
Qwen/Qwen1.5-0.5B,float32-sdpa,0.024,58.642,2600.839,474112.7,38.62,pytorch,float32,Unquantized,SDPA,No Kernel,1.092,Qwen2ForCausalLM,0
EleutherAI/pythia-6.7b,4bit-gptq-exllama-v2-eager,0.164,6.599,5239.773,41202.814,38.06*,pytorch,float16,GPTQ.4bit,Eager,GPTQ.ExllamaV2,9.704,Unknown,6
EleutherAI/pythia-6.7b,4bit-gptq-exllama-v1-eager,0.163,6.64,5239.773,41349.32,38.06*,pytorch,float16,GPTQ.4bit,Eager,GPTQ.ExllamaV1,9.642,Unknown,6
EleutherAI/pythia-6.7b,4bit-gptq-exllama-v2-fa2,0.157,6.835,5239.772,42738.233,38.06*,pytorch,float16,GPTQ.4bit,FAv2,GPTQ.ExllamaV2,9.376,Unknown,6
EleutherAI/pythia-6.7b,4bit-gptq-exllama-v1-fa2,0.157,6.838,5239.772,42772.663,38.06*,pytorch,float16,GPTQ.4bit,FAv2,GPTQ.ExllamaV1,9.372,Unknown,6
EleutherAI/pythia-6.7b,8bit-bnb-eager,0.073,13.956,8000.245,118077.572,38.06*,pytorch,float16,BnB.8bit,Eager,No Kernel,4.584,Unknown,6
EleutherAI/pythia-6.7b,8bit-bnb-fa2,0.068,14.493,8002.259,125061.836,38.06*,pytorch,float16,BnB.8bit,FAv2,No Kernel,4.413,Unknown,6
EleutherAI/pythia-6.7b,4bit-bnb-eager,0.28,19.438,5084.626,160030.209,38.06*,pytorch,float16,BnB.4bit,Eager,No Kernel,3.493,Unknown,6
EleutherAI/pythia-6.7b,4bit-bnb-fa2,0.269,22.172,5084.625,178628.43,38.06*,pytorch,float16,BnB.4bit,FAv2,No Kernel,3.106,Unknown,6
EleutherAI/pythia-2.7b,8bit-bnb-eager,0.082,12.123,3631.826,109438.11,37.09*,pytorch,float16,BnB.8bit,Eager,No Kernel,5.259,Unknown,2
EleutherAI/pythia-2.7b,8bit-bnb-fa2,0.074,13.383,3632.818,117673.854,37.09*,pytorch,float16,BnB.8bit,FAv2,No Kernel,4.743,Unknown,2
EleutherAI/pythia-2.7b,4bit-gptq-exllama-v2-eager,0.079,13.983,2494.102,88336.712,37.09*,pytorch,float16,GPTQ.4bit,Eager,GPTQ.ExllamaV2,4.577,Unknown,2
EleutherAI/pythia-2.7b,4bit-gptq-exllama-v1-eager,0.078,14.034,2494.102,88575.102,37.09*,pytorch,float16,GPTQ.4bit,Eager,GPTQ.ExllamaV1,4.561,Unknown,2
EleutherAI/pythia-2.7b,4bit-gptq-exllama-v1-fa2,0.07,15.69,2494.1,98174.172,37.09*,pytorch,float16,GPTQ.4bit,FAv2,GPTQ.ExllamaV1,4.085,Unknown,2
EleutherAI/pythia-2.7b,4bit-gptq-exllama-v2-fa2,0.07,15.714,2494.1,98487.865,37.09*,pytorch,float16,GPTQ.4bit,FAv2,GPTQ.ExllamaV2,4.076,Unknown,2
EleutherAI/pythia-2.7b,4bit-bnb-eager,0.125,18.687,2358.103,157320.029,37.09*,pytorch,float16,BnB.4bit,Eager,No Kernel,3.507,Unknown,2
EleutherAI/pythia-2.7b,4bit-bnb-fa2,0.114,20.16,2358.103,174315.707,37.09*,pytorch,float16,BnB.4bit,FAv2,No Kernel,3.218,Unknown,2
facebook/opt-2.7b,8bit-bnb-fa2,0.079,10.881,3080.719,63573.38,36.74*,pytorch,float16,BnB.8bit,FAv2,No Kernel,5.062,OPTForCausalLM,2
facebook/opt-2.7b,8bit-bnb-eager,0.085,11.997,3079.772,102075.651,36.74*,pytorch,float16,BnB.8bit,Eager,No Kernel,5.338,OPTForCausalLM,2
facebook/opt-2.7b,4bit-bnb-eager,0.122,20.457,1840.677,170561.982,36.74*,pytorch,float16,BnB.4bit,Eager,No Kernel,3.203,OPTForCausalLM,2
facebook/opt-2.7b,4bit-bnb-fa2,0.114,21.547,1840.546,154257.192,36.74*,pytorch,float16,BnB.4bit,FAv2,No Kernel,3.029,OPTForCausalLM,2
facebook/opt-2.7b,float16-eager,0.019,57.574,5540.556,314407.304,36.74,pytorch,float16,Unquantized,Eager,No Kernel,1.088,OPTForCausalLM,2
facebook/opt-2.7b,bfloat16-eager,0.019,61.368,5540.556,451310.36,36.74,pytorch,bfloat16,Unquantized,Eager,No Kernel,1.052,OPTForCausalLM,2
facebook/opt-2.7b,float32-eager,0.104,61.369,11168.211,419443.59,36.74,pytorch,float32,Unquantized,Eager,No Kernel,1.131,OPTForCausalLM,2
facebook/opt-2.7b,float16-fa2,0.014,74.002,5540.548,526915.438,36.74,pytorch,float16,Unquantized,FAv2,No Kernel,0.864,OPTForCausalLM,2
facebook/opt-2.7b,bfloat16-fa2,0.014,75.814,5540.548,526560.825,36.74,pytorch,bfloat16,Unquantized,FAv2,No Kernel,0.844,OPTForCausalLM,2
facebook/xglm-7.5B,4bit-bnb-eager,0.289,19.234,6018.104,147550.761,36.38*,pytorch,float16,BnB.4bit,Eager,No Kernel,3.531,XGLMForCausalLM,7
facebook/xglm-7.5B,float32-eager,0.283,39.342,30815.491,241439.149,36.38,pytorch,float32,Unquantized,Eager,No Kernel,1.88,XGLMForCausalLM,7
facebook/xglm-7.5B,float16-eager,0.033,54.67,15412.54,346520.776,36.38,pytorch,float16,Unquantized,Eager,No Kernel,1.185,XGLMForCausalLM,7
facebook/xglm-7.5B,bfloat16-eager,0.032,55.846,15412.54,351184.551,36.38,pytorch,bfloat16,Unquantized,Eager,No Kernel,1.159,XGLMForCausalLM,7
EleutherAI/gpt-neo-2.7B,8bit-bnb-fa2,0.095,10.445,3211.978,92094.012,36.20*,pytorch,float16,BnB.8bit,FAv2,No Kernel,6.123,GPTNeoForCausalLM,2
EleutherAI/gpt-neo-2.7B,8bit-bnb-eager,0.093,10.858,3216.625,94364.895,36.20*,pytorch,float16,BnB.8bit,Eager,No Kernel,5.891,GPTNeoForCausalLM,2
EleutherAI/gpt-neo-2.7B,4bit-gptq-exllama-v1-eager,0.08,13.899,2079.903,88974.602,36.20*,pytorch,float16,GPTQ.4bit,Eager,GPTQ.ExllamaV1,4.603,GPTNeoForCausalLM,2
EleutherAI/gpt-neo-2.7B,4bit-gptq-exllama-v2-eager,0.079,14.009,2079.903,88628.153,36.20*,pytorch,float16,GPTQ.4bit,Eager,GPTQ.ExllamaV2,4.568,GPTNeoForCausalLM,2
EleutherAI/gpt-neo-2.7B,4bit-gptq-exllama-v1-fa2,0.07,15.815,2079.897,98451.236,36.20*,pytorch,float16,GPTQ.4bit,FAv2,GPTQ.ExllamaV1,4.051,GPTNeoForCausalLM,2
EleutherAI/gpt-neo-2.7B,4bit-gptq-exllama-v2-fa2,0.07,15.881,2079.897,98943.3,36.20*,pytorch,float16,GPTQ.4bit,FAv2,GPTQ.ExllamaV2,4.034,GPTNeoForCausalLM,2
EleutherAI/gpt-neo-2.7B,4bit-bnb-eager,0.122,18.227,1986.218,156511.963,36.20*,pytorch,float16,BnB.4bit,Eager,No Kernel,3.557,GPTNeoForCausalLM,2
EleutherAI/gpt-neo-2.7B,4bit-bnb-fa2,0.112,19.02,1986.087,159217.192,36.20*,pytorch,float16,BnB.4bit,FAv2,No Kernel,3.44,GPTNeoForCausalLM,2
EleutherAI/gpt-neo-2.7B,bfloat16-eager,0.022,47.132,5677.722,355023.389,36.2,pytorch,bfloat16,Unquantized,Eager,No Kernel,1.351,GPTNeoForCausalLM,2
EleutherAI/gpt-neo-2.7B,float16-eager,0.022,47.851,5677.722,360554.821,36.2,pytorch,float16,Unquantized,Eager,No Kernel,1.335,GPTNeoForCausalLM,2
EleutherAI/gpt-neo-2.7B,float32-eager,0.103,52.437,11304.033,359668.741,36.2,pytorch,float32,Unquantized,Eager,No Kernel,1.301,GPTNeoForCausalLM,2
EleutherAI/gpt-neo-2.7B,float16-fa2,0.017,58.707,5675.077,429652.396,36.2,pytorch,float16,Unquantized,FAv2,No Kernel,1.089,GPTNeoForCausalLM,2
EleutherAI/gpt-neo-2.7B,bfloat16-fa2,0.017,58.838,5675.077,441408.61,36.2,pytorch,bfloat16,Unquantized,FAv2,No Kernel,1.075,GPTNeoForCausalLM,2
microsoft/rho-math-1b-v0.1,bfloat16-eager,0.024,42.896,2279.027,352872.568,34.99,pytorch,bfloat16,Unquantized,Eager,No Kernel,1.495,LlamaForCausalLM,1
microsoft/rho-math-1b-v0.1,float16-eager,0.024,45.158,2279.42,355023.905,34.99,pytorch,float16,Unquantized,Eager,No Kernel,1.413,LlamaForCausalLM,1
microsoft/rho-math-1b-v0.1,float32-eager,0.044,49.071,4492.921,366733.618,34.99,pytorch,float32,Unquantized,Eager,No Kernel,1.308,LlamaForCausalLM,1
microsoft/rho-math-1b-v0.1,float32-sdpa,0.042,54.752,4492.869,408059.01,34.99,pytorch,float32,Unquantized,SDPA,No Kernel,1.19,LlamaForCausalLM,1
EleutherAI/pythia-1.4b,8bit-bnb-eager,0.061,16.777,2004.071,146210.57,34.75*,pytorch,float16,BnB.8bit,Eager,No Kernel,3.79,GPTNeoXForCausalLM,1
EleutherAI/pythia-1.4b,8bit-bnb-fa2,0.055,17.844,1999.766,154626.702,34.75*,pytorch,float16,BnB.8bit,FAv2,No Kernel,3.59,GPTNeoXForCausalLM,1
EleutherAI/pythia-1.4b,4bit-bnb-eager,0.067,24.431,1406.95,215851.465,34.75*,pytorch,float16,BnB.4bit,Eager,No Kernel,2.655,GPTNeoXForCausalLM,1
EleutherAI/pythia-1.4b,4bit-gptq-exllama-v2-eager,0.045,24.598,1491.577,161068.566,34.75*,pytorch,float16,GPTQ.4bit,Eager,GPTQ.ExllamaV2,2.601,GPTNeoXForCausalLM,1
EleutherAI/pythia-1.4b,4bit-gptq-exllama-v1-eager,0.044,24.708,1491.577,163614.962,34.75*,pytorch,float16,GPTQ.4bit,Eager,GPTQ.ExllamaV1,2.589,GPTNeoXForCausalLM,1
EleutherAI/pythia-1.4b,4bit-bnb-fa2,0.058,26.269,1406.95,230222.307,34.75*,pytorch,float16,BnB.4bit,FAv2,No Kernel,2.461,GPTNeoXForCausalLM,1
EleutherAI/pythia-1.4b,4bit-gptq-exllama-v2-fa2,0.037,29.737,1491.576,188311.256,34.75*,pytorch,float16,GPTQ.4bit,FAv2,GPTQ.ExllamaV2,2.153,GPTNeoXForCausalLM,1
EleutherAI/pythia-1.4b,4bit-gptq-exllama-v1-fa2,0.037,29.916,1491.576,188381.362,34.75*,pytorch,float16,GPTQ.4bit,FAv2,GPTQ.ExllamaV1,2.142,GPTNeoXForCausalLM,1
EleutherAI/pythia-1.4b,bfloat16-eager,0.022,46.501,3188.153,420375.655,34.75,pytorch,bfloat16,Unquantized,Eager,No Kernel,1.372,GPTNeoXForCausalLM,1
EleutherAI/pythia-1.4b,float16-eager,0.02,52.361,3188.153,401349.858,34.75,pytorch,float16,Unquantized,Eager,No Kernel,1.22,GPTNeoXForCausalLM,1
EleutherAI/pythia-1.4b,bfloat16-fa2,0.018,54.601,3189.192,479466.127,34.75,pytorch,bfloat16,Unquantized,FAv2,No Kernel,1.166,GPTNeoXForCausalLM,1
EleutherAI/pythia-1.4b,float32-eager,0.053,55.097,6138.652,427059.397,34.75,pytorch,float32,Unquantized,Eager,No Kernel,1.195,GPTNeoXForCausalLM,1
EleutherAI/pythia-1.4b,float16-fa2,0.017,59.578,3189.192,441552.856,34.75,pytorch,float16,Unquantized,FAv2,No Kernel,1.064,GPTNeoXForCausalLM,1
EleutherAI/pythia-1.3b,8bit-bnb-eager,0.058,17.3,2004.071,153607.944,34.46*,pytorch,float16,BnB.8bit,Eager,No Kernel,3.668,Unknown,1
EleutherAI/pythia-1.3b,8bit-bnb-fa2,0.056,17.781,1999.766,160446.358,34.46*,pytorch,float16,BnB.8bit,FAv2,No Kernel,3.615,Unknown,1
EleutherAI/pythia-1.3b,4bit-gptq-exllama-v1-eager,0.045,24.471,1491.577,162898.334,34.46*,pytorch,float16,GPTQ.4bit,Eager,GPTQ.ExllamaV1,2.619,Unknown,1
EleutherAI/pythia-1.3b,4bit-gptq-exllama-v2-eager,0.045,24.504,1491.577,162882.971,34.46*,pytorch,float16,GPTQ.4bit,Eager,GPTQ.ExllamaV2,2.609,Unknown,1
EleutherAI/pythia-1.3b,4bit-bnb-eager,0.067,24.768,1406.95,217022.229,34.46*,pytorch,float16,BnB.4bit,Eager,No Kernel,2.59,Unknown,1
EleutherAI/pythia-1.3b,4bit-bnb-fa2,0.057,28.298,1406.95,237695.398,34.46*,pytorch,float16,BnB.4bit,FAv2,No Kernel,2.277,Unknown,1
EleutherAI/pythia-1.3b,4bit-gptq-exllama-v2-fa2,0.037,29.676,1491.576,187372.614,34.46*,pytorch,float16,GPTQ.4bit,FAv2,GPTQ.ExllamaV2,2.152,Unknown,1
EleutherAI/pythia-1.3b,4bit-gptq-exllama-v1-fa2,0.037,29.839,1491.576,187598.604,34.46*,pytorch,float16,GPTQ.4bit,FAv2,GPTQ.ExllamaV1,2.144,Unknown,1
EleutherAI/pythia-1.3b,bfloat16-eager,0.019,54.429,3188.153,438010.527,34.46,pytorch,bfloat16,Unquantized,Eager,No Kernel,1.174,Unknown,1
EleutherAI/pythia-1.3b,float16-eager,0.019,54.462,3188.153,436015.522,34.46,pytorch,float16,Unquantized,Eager,No Kernel,1.171,Unknown,1
EleutherAI/pythia-1.3b,float32-eager,0.053,58.014,6138.652,435230.688,34.46,pytorch,float32,Unquantized,Eager,No Kernel,1.133,Unknown,1
EleutherAI/pythia-1.3b,bfloat16-fa2,0.017,59.87,3189.192,481869.771,34.46,pytorch,bfloat16,Unquantized,FAv2,No Kernel,1.069,Unknown,1
EleutherAI/pythia-1.3b,float16-fa2,0.016,63.345,3189.192,487602.529,34.46,pytorch,float16,Unquantized,FAv2,No Kernel,1.011,Unknown,1
facebook/xglm-4.5B,float32-eager,0.168,39.254,18903.143,273440.39,34.31,pytorch,float32,Unquantized,Eager,No Kernel,1.763,XGLMForCausalLM,5
facebook/xglm-4.5B,float16-eager,0.03,39.38,9490.407,294573.831,34.31,pytorch,float16,Unquantized,Eager,No Kernel,1.644,XGLMForCausalLM,5
facebook/xglm-4.5B,bfloat16-eager,0.028,41.593,9490.407,282201.582,34.31,pytorch,bfloat16,Unquantized,Eager,No Kernel,1.533,XGLMForCausalLM,5
EleutherAI/gpt-neo-1.3B,8bit-bnb-eager,0.07,14.374,1668.145,124044.621,33.58*,pytorch,float16,BnB.8bit,Eager,No Kernel,4.455,GPTNeoForCausalLM,1
EleutherAI/gpt-neo-1.3B,8bit-bnb-fa2,0.066,15.18,1666.097,131650.44,33.58*,pytorch,float16,BnB.8bit,FAv2,No Kernel,4.196,GPTNeoForCausalLM,1
EleutherAI/gpt-neo-1.3B,4bit-gptq-exllama-v2-eager,0.047,23.973,1168.485,157244.726,33.58*,pytorch,float16,GPTQ.4bit,Eager,GPTQ.ExllamaV2,2.66,GPTNeoForCausalLM,1
EleutherAI/gpt-neo-1.3B,4bit-gptq-exllama-v1-eager,0.047,24.035,1168.485,161898.336,33.58*,pytorch,float16,GPTQ.4bit,Eager,GPTQ.ExllamaV1,2.662,GPTNeoForCausalLM,1
EleutherAI/gpt-neo-1.3B,4bit-bnb-eager,0.067,24.039,1117.748,206590.25,33.58*,pytorch,float16,BnB.4bit,Eager,No Kernel,2.674,GPTNeoForCausalLM,1
EleutherAI/gpt-neo-1.3B,4bit-gptq-exllama-v2-fa2,0.038,26.4,1168.484,174804.699,33.58*,pytorch,float16,GPTQ.4bit,FAv2,GPTQ.ExllamaV2,2.42,GPTNeoForCausalLM,1
EleutherAI/gpt-neo-1.3B,4bit-bnb-fa2,0.057,26.5,1117.617,227909.248,33.58*,pytorch,float16,BnB.4bit,FAv2,No Kernel,2.42,GPTNeoForCausalLM,1
EleutherAI/gpt-neo-1.3B,4bit-gptq-exllama-v1-fa2,0.038,26.834,1168.484,175035.933,33.58*,pytorch,float16,GPTQ.4bit,FAv2,GPTQ.ExllamaV1,2.378,GPTNeoForCausalLM,1
EleutherAI/gpt-neo-1.3B,float16-eager,0.017,64.567,2885.485,482897.311,33.58,pytorch,float16,Unquantized,Eager,No Kernel,0.992,GPTNeoForCausalLM,1
EleutherAI/gpt-neo-1.3B,bfloat16-eager,0.017,64.702,2885.485,492113.382,33.58,pytorch,bfloat16,Unquantized,Eager,No Kernel,0.985,GPTNeoForCausalLM,1
EleutherAI/gpt-neo-1.3B,float32-eager,0.053,67.233,5626.042,506216.396,33.58,pytorch,float32,Unquantized,Eager,No Kernel,0.986,GPTNeoForCausalLM,1
EleutherAI/gpt-neo-1.3B,float16-fa2,0.013,78.565,2884.409,607014.857,33.58,pytorch,float16,Unquantized,FAv2,No Kernel,0.808,GPTNeoForCausalLM,1
EleutherAI/gpt-neo-1.3B,bfloat16-fa2,0.013,79.193,2884.409,602191.64,33.58,pytorch,bfloat16,Unquantized,FAv2,No Kernel,0.806,GPTNeoForCausalLM,1
EleutherAI/polyglot-ko-12.8b,4bit-gptq-exllama-v1-eager,0.308,3.496,8808.924,21859.014,33.33*,pytorch,float16,GPTQ.4bit,Eager,GPTQ.ExllamaV1,18.322,GPTNeoXForCausalLM,13
EleutherAI/polyglot-ko-12.8b,4bit-gptq-exllama-v2-eager,0.308,3.501,8809.118,21895.97,33.33*,pytorch,float16,GPTQ.4bit,Eager,GPTQ.ExllamaV2,18.299,GPTNeoXForCausalLM,13
EleutherAI/polyglot-ko-12.8b,4bit-gptq-exllama-v2-fa2,0.3,3.575,8808.933,22348.191,33.33*,pytorch,float16,GPTQ.4bit,FAv2,GPTQ.ExllamaV2,17.932,GPTNeoXForCausalLM,13
EleutherAI/polyglot-ko-12.8b,4bit-gptq-exllama-v1-fa2,0.299,3.581,8808.933,22362.209,33.33*,pytorch,float16,GPTQ.4bit,FAv2,GPTQ.ExllamaV1,17.886,GPTNeoXForCausalLM,13
EleutherAI/polyglot-ko-12.8b,8bit-bnb-fa2,0.094,10.652,14373.646,89780.254,33.33*,pytorch,float16,BnB.8bit,FAv2,No Kernel,5.998,GPTNeoXForCausalLM,13
EleutherAI/polyglot-ko-12.8b,8bit-bnb-eager,0.094,10.911,14370.872,93144.898,33.33*,pytorch,float16,BnB.8bit,Eager,No Kernel,5.878,GPTNeoXForCausalLM,13
EleutherAI/polyglot-ko-12.8b,4bit-bnb-eager,0.505,15.64,8556.998,120462.207,33.33*,pytorch,float16,BnB.4bit,Eager,No Kernel,4.526,GPTNeoXForCausalLM,13
EleutherAI/polyglot-ko-12.8b,4bit-bnb-fa2,0.491,17.643,8556.997,131995.089,33.33*,pytorch,float16,BnB.4bit,FAv2,No Kernel,4.06,GPTNeoXForCausalLM,13
EleutherAI/polyglot-ko-12.8b,float32-eager,0.454,23.352,53088.639,145631.002,33.33,pytorch,float32,Unquantized,Eager,No Kernel,3.147,GPTNeoXForCausalLM,13
EleutherAI/polyglot-ko-12.8b,bfloat16-eager,0.057,32.533,26864.106,205417.545,33.33,pytorch,bfloat16,Unquantized,Eager,No Kernel,1.984,GPTNeoXForCausalLM,13
EleutherAI/polyglot-ko-12.8b,float16-eager,0.056,32.546,26864.106,203009.187,33.33,pytorch,float16,Unquantized,Eager,No Kernel,1.986,GPTNeoXForCausalLM,13
EleutherAI/polyglot-ko-12.8b,bfloat16-fa2,0.05,38.823,26866.388,243811.333,33.33,pytorch,bfloat16,Unquantized,FAv2,No Kernel,1.671,GPTNeoXForCausalLM,13
EleutherAI/polyglot-ko-12.8b,float16-fa2,0.049,38.83,26866.388,241693.597,33.33,pytorch,float16,Unquantized,FAv2,No Kernel,1.668,GPTNeoXForCausalLM,13
EleutherAI/pythia-410m,8bit-bnb-eager,0.058,17.422,771.487,154115.627,31.55*,pytorch,float16,BnB.8bit,Eager,No Kernel,3.689,GPTNeoXForCausalLM,0
EleutherAI/pythia-410m,8bit-bnb-fa2,0.053,18.696,775.103,166297.453,31.55*,pytorch,float16,BnB.8bit,FAv2,No Kernel,3.428,GPTNeoXForCausalLM,0
EleutherAI/pythia-410m,4bit-bnb-eager,0.045,25.81,622.611,231240.067,31.55*,pytorch,float16,BnB.4bit,Eager,No Kernel,2.453,GPTNeoXForCausalLM,0
EleutherAI/pythia-410m,4bit-bnb-fa2,0.042,27.379,622.924,247916.895,31.55*,pytorch,float16,BnB.4bit,FAv2,No Kernel,2.345,GPTNeoXForCausalLM,0
EleutherAI/pythia-410m,4bit-gptq-exllama-v2-eager,0.035,29.117,644.02,238539.315,31.55*,pytorch,float16,GPTQ.4bit,Eager,GPTQ.ExllamaV2,2.193,GPTNeoXForCausalLM,0
EleutherAI/pythia-410m,4bit-gptq-exllama-v1-eager,0.035,29.258,644.02,235878.211,31.55*,pytorch,float16,GPTQ.4bit,Eager,GPTQ.ExllamaV1,2.18,GPTNeoXForCausalLM,0
EleutherAI/pythia-410m,4bit-gptq-exllama-v1-fa2,0.032,31.358,644.019,253074.129,31.55*,pytorch,float16,GPTQ.4bit,FAv2,GPTQ.ExllamaV1,2.035,GPTNeoXForCausalLM,0
EleutherAI/pythia-410m,4bit-gptq-exllama-v2-fa2,0.032,31.724,644.019,256472.321,31.55*,pytorch,float16,GPTQ.4bit,FAv2,GPTQ.ExllamaV2,2.01,GPTNeoXForCausalLM,0
facebook/opt-350m,8bit-bnb-eager,0.065,15.599,446.104,136832.94,30.01*,pytorch,float16,BnB.8bit,Eager,No Kernel,4.065,OPTForCausalLM,0
facebook/opt-350m,8bit-bnb-fa2,0.061,16.393,446.104,141474.474,30.01*,pytorch,float16,BnB.8bit,FAv2,No Kernel,3.909,OPTForCausalLM,0
facebook/opt-350m,4bit-bnb-eager,0.048,26.358,298.885,228702.72,30.01*,pytorch,float16,BnB.4bit,Eager,No Kernel,2.433,OPTForCausalLM,0
facebook/opt-350m,4bit-bnb-fa2,0.044,28.14,298.884,240528.176,30.01*,pytorch,float16,BnB.4bit,FAv2,No Kernel,2.284,OPTForCausalLM,0
facebook/opt-350m,float16-eager,0.014,80.154,749.22,654730.729,30.01,pytorch,float16,Unquantized,Eager,No Kernel,0.796,OPTForCausalLM,0
facebook/opt-350m,bfloat16-eager,0.013,82.913,749.22,673691.11,30.01,pytorch,bfloat16,Unquantized,Eager,No Kernel,0.772,OPTForCausalLM,0
facebook/opt-350m,float32-eager,0.021,84.195,1491.807,507037.826,30.01,pytorch,float32,Unquantized,Eager,No Kernel,0.77,OPTForCausalLM,0
facebook/opt-350m,bfloat16-fa2,0.011,95.412,749.216,794640.402,30.01,pytorch,bfloat16,Unquantized,FAv2,No Kernel,0.669,OPTForCausalLM,0
facebook/opt-350m,float16-fa2,0.011,98.814,749.216,821606.22,30.01,pytorch,float16,Unquantized,FAv2,No Kernel,0.647,OPTForCausalLM,0
facebook/xglm-564M,float16-eager,0.018,68.478,1324.762,624894.821,29.55,pytorch,float16,Unquantized,Eager,No Kernel,0.935,XGLMForCausalLM,0
facebook/xglm-564M,float32-eager,0.028,79.162,2642.978,559873.28,29.55,pytorch,float32,Unquantized,Eager,No Kernel,0.82,XGLMForCausalLM,0
facebook/xglm-564M,bfloat16-eager,0.014,80.473,1324.762,667864.13,29.55,pytorch,bfloat16,Unquantized,Eager,No Kernel,0.79,XGLMForCausalLM,0
EleutherAI/gpt-neo-125m,8bit-bnb-eager,0.037,26.831,271.428,241510.078,29.47*,pytorch,float16,BnB.8bit,Eager,No Kernel,2.386,GPTNeoForCausalLM,0
EleutherAI/gpt-neo-125m,8bit-bnb-fa2,0.034,28.303,270.703,251476.298,29.47*,pytorch,float16,BnB.8bit,FAv2,No Kernel,2.265,GPTNeoForCausalLM,0
EleutherAI/gpt-neo-125m,4bit-bnb-eager,0.027,44.66,229.949,398142.414,29.47*,pytorch,float16,BnB.4bit,Eager,No Kernel,1.419,GPTNeoForCausalLM,0
EleutherAI/gpt-neo-125m,4bit-gptq-exllama-v2-eager,0.023,46.168,242.383,411474.529,29.47*,pytorch,float16,GPTQ.4bit,Eager,GPTQ.ExllamaV2,1.407,GPTNeoForCausalLM,0
EleutherAI/gpt-neo-125m,4bit-gptq-exllama-v1-eager,0.022,46.909,242.383,403596.387,29.47*,pytorch,float16,GPTQ.4bit,Eager,GPTQ.ExllamaV1,1.359,GPTNeoForCausalLM,0
EleutherAI/gpt-neo-125m,4bit-bnb-fa2,0.025,48.346,229.306,422284.363,29.47*,pytorch,float16,BnB.4bit,FAv2,No Kernel,1.31,GPTNeoForCausalLM,0
EleutherAI/gpt-neo-125m,4bit-gptq-exllama-v2-fa2,0.02,51.475,242.382,433415.328,29.47*,pytorch,float16,GPTQ.4bit,FAv2,GPTQ.ExllamaV2,1.235,GPTNeoForCausalLM,0
EleutherAI/gpt-neo-125m,4bit-gptq-exllama-v1-fa2,0.02,52.071,242.382,424968.084,29.47*,pytorch,float16,GPTQ.4bit,FAv2,GPTQ.ExllamaV1,1.226,GPTNeoForCausalLM,0
EleutherAI/gpt-neo-125m,float16-eager,0.009,119.461,363.873,1006877.327,29.47,pytorch,float16,Unquantized,Eager,No Kernel,0.533,GPTNeoForCausalLM,0
EleutherAI/gpt-neo-125m,bfloat16-eager,0.009,121.822,363.873,1003006.109,29.47,pytorch,bfloat16,Unquantized,Eager,No Kernel,0.526,GPTNeoForCausalLM,0
EleutherAI/gpt-neo-125m,float32-eager,0.01,124.599,657.858,1064993.47,29.47,pytorch,float32,Unquantized,Eager,No Kernel,0.514,GPTNeoForCausalLM,0
EleutherAI/gpt-neo-125m,float16-fa2,0.007,145.789,363.871,1233644.886,29.47,pytorch,float16,Unquantized,FAv2,No Kernel,0.436,GPTNeoForCausalLM,0
EleutherAI/gpt-neo-125m,bfloat16-fa2,0.007,149.464,363.871,1249611.184,29.47,pytorch,bfloat16,Unquantized,FAv2,No Kernel,0.427,GPTNeoForCausalLM,0
facebook/opt-125m,8bit-bnb-eager,0.032,31.45,220.298,271342.806,29.15*,pytorch,float16,BnB.8bit,Eager,No Kernel,2.028,OPTForCausalLM,0
facebook/opt-125m,8bit-bnb-fa2,0.03,32.544,219.642,284216.679,29.15*,pytorch,float16,BnB.8bit,FAv2,No Kernel,1.962,OPTForCausalLM,0
facebook/opt-125m,4bit-bnb-eager,0.025,50.783,178.504,444506.087,29.15*,pytorch,float16,BnB.4bit,Eager,No Kernel,1.27,OPTForCausalLM,0
facebook/opt-125m,4bit-bnb-fa2,0.023,53.029,178.503,481425.024,29.15*,pytorch,float16,BnB.4bit,FAv2,No Kernel,1.199,OPTForCausalLM,0
facebook/opt-125m,bfloat16-fa2,0.012,87.225,312.411,1088969.19,29.15,pytorch,bfloat16,Unquantized,FAv2,No Kernel,0.74,OPTForCausalLM,0
facebook/opt-125m,float16-eager,0.008,144.454,312.416,892300.781,29.15,pytorch,float16,Unquantized,Eager,No Kernel,0.437,OPTForCausalLM,0
facebook/opt-125m,float32-eager,0.009,151.239,601.352,838505.545,29.15,pytorch,float32,Unquantized,Eager,No Kernel,0.423,OPTForCausalLM,0
facebook/opt-125m,bfloat16-eager,0.007,153.138,312.416,1254978.241,29.15,pytorch,bfloat16,Unquantized,Eager,No Kernel,0.418,OPTForCausalLM,0
facebook/opt-125m,float16-fa2,0.006,169.275,312.411,1492424.358,29.15,pytorch,float16,Unquantized,FAv2,No Kernel,0.372,OPTForCausalLM,0
EleutherAI/pythia-160m,8bit-bnb-eager,0.031,31.118,376.32,269934.929,29.02*,pytorch,float16,BnB.8bit,Eager,No Kernel,2.031,GPTNeoXForCausalLM,0
EleutherAI/pythia-160m,8bit-bnb-fa2,0.031,34.413,375.329,304622.847,29.02*,pytorch,float16,BnB.8bit,FAv2,No Kernel,1.842,GPTNeoXForCausalLM,0
EleutherAI/pythia-160m,4bit-bnb-eager,0.024,47.497,327.544,416727.952,29.02*,pytorch,float16,BnB.4bit,Eager,No Kernel,1.355,GPTNeoXForCausalLM,0
EleutherAI/pythia-160m,4bit-gptq-exllama-v2-eager,0.02,48.236,340.903,414443.1,29.02*,pytorch,float16,GPTQ.4bit,Eager,GPTQ.ExllamaV2,1.299,GPTNeoXForCausalLM,0
EleutherAI/pythia-160m,4bit-gptq-exllama-v1-eager,0.021,50.093,340.903,432007.015,29.02*,pytorch,float16,GPTQ.4bit,Eager,GPTQ.ExllamaV1,1.265,GPTNeoXForCausalLM,0
EleutherAI/pythia-160m,4bit-gptq-exllama-v1-fa2,0.021,51.969,340.902,456213.069,29.02*,pytorch,float16,GPTQ.4bit,FAv2,GPTQ.ExllamaV1,1.237,GPTNeoXForCausalLM,0
EleutherAI/pythia-160m,4bit-bnb-fa2,0.022,53.354,327.815,469893.169,29.02*,pytorch,float16,BnB.4bit,FAv2,No Kernel,1.191,GPTNeoXForCausalLM,0
EleutherAI/pythia-160m,4bit-gptq-exllama-v2-fa2,0.017,60.986,340.902,506696.229,29.02*,pytorch,float16,GPTQ.4bit,FAv2,GPTQ.ExllamaV2,1.046,GPTNeoXForCausalLM,0
EleutherAI/pythia-70m,8bit-bnb-fa2,0.015,63.768,197.947,607650.688,28.93*,pytorch,float16,BnB.8bit,FAv2,No Kernel,0.999,Unknown,0
EleutherAI/pythia-70m,8bit-bnb-eager,0.015,65.775,197.768,618526.295,28.93*,pytorch,float16,BnB.8bit,Eager,No Kernel,0.976,Unknown,0
EleutherAI/pythia-70m,4bit-bnb-eager,0.012,99.119,188.553,862794.177,28.93*,pytorch,float16,BnB.4bit,Eager,No Kernel,0.644,Unknown,0
EleutherAI/pythia-70m,4bit-bnb-fa2,0.012,99.976,188.745,851225.469,28.93*,pytorch,float16,BnB.4bit,FAv2,No Kernel,0.637,Unknown,0
EleutherAI/pythia-70m,4bit-gptq-exllama-v1-eager,0.01,104.628,193.845,876577.936,28.93*,pytorch,float16,GPTQ.4bit,Eager,GPTQ.ExllamaV1,0.609,Unknown,0
EleutherAI/pythia-70m,4bit-gptq-exllama-v2-eager,0.01,107.004,193.845,914642.949,28.93*,pytorch,float16,GPTQ.4bit,Eager,GPTQ.ExllamaV2,0.595,Unknown,0
EleutherAI/pythia-70m,4bit-gptq-exllama-v2-fa2,0.009,115.952,193.844,991460.772,28.93*,pytorch,float16,GPTQ.4bit,FAv2,GPTQ.ExllamaV2,0.551,Unknown,0
EleutherAI/pythia-70m,4bit-gptq-exllama-v1-fa2,0.009,116.298,193.844,998412.513,28.93*,pytorch,float16,GPTQ.4bit,FAv2,GPTQ.ExllamaV1,0.549,Unknown,0
openai-community/gpt2,float16-fa2,0.007,147.371,328.799,1212590.352,28.53,pytorch,float16,Unquantized,FAv2,No Kernel,0.432,GPT2LMHeadModel,0